performance_start_date,performance_end_date,performance_serial_number,performance_genre,performance_name,performance_place,performance_runningtime,performance_intermission,performance_age,performance_enter,performance_phonenumber,performance_synopsis,performance_work_description,cast_editor,crew_editor,performance_discount_info,performance_seat_info
20250726,20250726,35740,클래식,2025 서울시향 실내악 시리즈 III,세종체임버홀,70.0,15.0,7세 이상,(재)서울시립교향악단,1588-1210,"서울시향실내악시리즈III에서는서울시향단원들이동유럽작곡가들의실내악을연주한다.향수를느낄수있는현악사중주의영원한고전,드보르자크의‘아메리카’가첫곡이다.교향곡9번‘신세계로부터’와쌍벽을이루는,미국에서의삶과아름다운풍광,고국에대한그리움이체코의선율과흑인영가풍선율에녹아있는2악장을비롯해서자연스럽고인간적이며,사랑스런곡의전개는실내악을더욱좋아하게되는계기가될수있다.악보말미에드보르자크가적었다는문구‘햇살은얼마나아름다운가’는이작품이코모레비(‘나뭇잎사이로비치는햇살을뜻하는일본어)같은싱그러움과통한다고알려준다.다음으로연주하는곡은예뇌도흐나니의피아노오중주1번이다.17세도흐나니가작곡한이작품이왜브람스의주목을끌었고,그로부터“내가작곡했어도이보다더잘쓸수없다”는찬사를얻어냈는지를확인할기회다.","드보르자크,현악사중주제12번‘아메리카’Dvo??k,StringQuartetNo.12inFMajor,Op.96,‘American’도흐나니,피아노오중주제1번Dohnanyi,PianoQuintetNo.1inCminorOp.1*프로그램및연주자가변경될수있습니다.",,,91.0,"{SEAT_PRICE=50,000원, PERFORM_IDX=35740, SEAT_RATING=R석}, {SEAT_PRICE=30,000원, PERFORM_IDX=35740, SEAT_RATING=S석}, {SEAT_PRICE=10,000원, PERFORM_IDX=35740, SEAT_RATING=A석}"
20250628,20250628,35739,클래식,2025 서울시향 실내악 시리즈 II,세종체임버홀,90.0,15.0,7세 이상,(재)서울시립교향악단,1588-1210,"제임스에네스의바이올린을400여석세종체임버홀에서열리는서울시향의두번째실내악시리즈에서더가까이서생생하게듣는다.라벨특유의섬세함과정교함을느낄수있는현대피아니즘의정수‘소나티네’를색채감이더욱강조된플루트와현악사중주편곡으로듣는다.그리고에네스는프랑스인상주의실내악의정수이며류이치사카모토를비롯한수많은음악가에게영향을준드뷔시의유일한현악사중주를서울시향단원들과함께연주하며,끝으로브람스의현악육중주1번을이끈다.베토벤,슈베르트등빈고전주의의영향을엿볼수있는곡으로도처에서음향적색채가풍부한빈의분위기를풍기며,특히‘브람스의눈물’이란별명으로유명한2악장변주는사랑을향한정열과이루어지지못하는슬픔이몽환적으로승화되는모습을보여주기에꼭들어볼만하다.","라벨,소나티네Ravel,Sonatine,M.40forFlute,twoViolins,ViolaandCello드뷔시,현악사중주Debussy,StringQuartetinGminor,Op.10브람스,현악육중주제1번Brahms,SextetNo.1inB-flatmajor,Op.18*프로그램및연주자가변경될수있습니다.",,,91.0,"{SEAT_PRICE=70,000원, PERFORM_IDX=35739, SEAT_RATING=R석}, {SEAT_PRICE=40,000원, PERFORM_IDX=35739, SEAT_RATING=S석}, {SEAT_PRICE=10,000원, PERFORM_IDX=35739, SEAT_RATING=A석}"
20250402,20250402,35855,클래식,루도비코 에이나우디 내한공연,세종대극장,120.0,,7세 이상,(주)크레디아뮤직앤아티스트,02-318-4301,,"는 일주일 만에 영국 클래시컬 차트에서 1위에 올랐다. 음원 스트리밍 사이트에서는 모차르트, 베토벤보다도 더 많은 인기를 끌고 있는 아티스트다. 뿐만 아니라, 에이나우디의 음악은 아카데미상 수상작인 영화 OST로도 사용되며 많은 사랑을 받고 있으며, 국내에서 여러 광고 음악에서도 사용된 바 있다. 현재 에이나우디의 공연은 세계 곳곳에서 매진 행렬을 이어가고 있다. 2025년 6월에 예정된 영국 로열 앨버트 홀의 5회차 공연을 티켓판매 90분 만에 매진시켰으며, 이에 7월 영국과 아일랜드 공연을 추가하는 등 신드롬적인 인기가 계속되고 있다. 루도비코 에이나우디는 이번 4월 2일(수) 세종문화회관에서 내한무대에서 그의 히트곡들과 함께 2025년 1월 31일 새 발매를 앞두고 있는 음반신곡들을 소개할 예정이다.' border='0' style='width: 950px; height: 5229px; border: 0px solid;'>",,,91.0,"{SEAT_PRICE=165,000원, PERFORM_IDX=35855, SEAT_RATING=R석}, {SEAT_PRICE=132,000원, PERFORM_IDX=35855, SEAT_RATING=S석}, {SEAT_PRICE=88,000원, PERFORM_IDX=35855, SEAT_RATING=A석}, {SEAT_PRICE=66,000원, PERFORM_IDX=35855, SEAT_RATING=B석}"
20250329,20250329,35785,클래식,이주원 피아노 귀국독주회,꿈의숲 콘서트홀,70.0,15.0,5세 이상,이주원,ljw1822@gmail.com,,"1.J.s.Bach-daswohltemperierteKlavierPr?ludiumundFugeTeilIINr.20BWV889inamoll2.J.Haydn-pianosonataNo.60inCMajor,Hob.XVI:503.F.Chopin-Balladeop.38no.2inFMajor4.FazilSay-BlackEarth5.AdolfMisek-Legendeop.3forDoublebassandPiano","피아니스트이주원은백석대학교문화예술학부피아노과를전체성적수석으로졸업하였고,대학재학중매학기성적우수장학금을수상하였다.예전예술기획아르스노바콩쿨동상,한양대학교사범대학부속고등학교콩쿨4등,한음콩쿨장려를수상하였다.중학교재학중서울시주관건국대학교음악영재교육원에선발되어건국대학교김수영교수를사사하였고,고등학교재학중서울시주관경복고등학교음악영재학급에선발됐었다.피아노교육에도관심이많은그는현재독일현지음악학원(Musikschule)에서피아노강사로재직중이다.또한,독일마인츠부덴하임(MainzBudenheim)의현지교회인드라이팔티히카이츠교회(Dreifaltigkeitskirche)에서합창코치및오페라코치를역임하였다.이주원은백석대학교에서금혜승,이형천교수를사사하였고,독일마인츠페터코넬리우스시립음악원(PeterCorneliusKonservatoriumderStadtMainz)의UweZeutzheim교수클래스에서전문연주자과정(KAStudium)을밟고있다.이와동시에그의모교페터코넬리우스시립음악원피아노&amp;반주코치교수로재직중인베아테슈묵(BeateSchmuck)의대리자로서피아노과강사역할을수행중이다.국내에서는김수영,임현식,금혜승,이형천,허은교수를,독일에서는김숙연,차승조,UweZeutzheim,ClemensRave교수를사사하였다.",,91.0,"{SEAT_PRICE=20,000원, PERFORM_IDX=35785, SEAT_RATING=전석}"
20250329,20250329,35738,클래식,2025 서울시향 실내악 시리즈 I,세종체임버홀,115.0,15.0,7세 이상,(재)서울시립교향악단,1588-1210,독일의첼리스트알반게르하르트가서울시향단원들과피아노삼중주공연을펼친다.게르하르트는우리에게정명훈지휘서울시향의진은숙첼로협주곡음반(DG)과하이페리온의여러음반으로잘알려진다재다능한첼리스트다.두곡모두작곡가가친애하던인물을추모하는작품이라는공통점이있다.쇼스타코비치피아노삼중주2번은러시아의학자이자음악가인친구이반솔레르친스키의죽음을애도하기위한곡이다.차이콥스키피아노삼중주‘어느위대한예술가를추억하며’는피아니스트이자모스크바음악원원장이었던니콜라이루빈스타인을기리는작품이다.비교적호흡이긴두삼중주사이에알반게르하르트의바흐무반주첼로모음곡제3번도들을수있다.친숙한곡에새로운빛을비추고열정적으로새로운레퍼토리를탐구하는게르하르트.그의1710년산마테오고프릴러첼로의그윽한음색에귀를기울여보자.,"쇼스타코비치,피아노삼중주제2번Shostakovich,PianoTrioNo.2inEminor,Op.67바흐,첼로모음곡제3번Bach,CelloSuiteNo.3inCmajor,BWV1009차이콥스키,피아노삼중주Tchaikovsky,PianoTrioinAminor,Op.50*프로그램및연주자가변경될수있습니다.",,,91.0,"{SEAT_PRICE=70,000원, PERFORM_IDX=35738, SEAT_RATING=R석}, {SEAT_PRICE=40,000원, PERFORM_IDX=35738, SEAT_RATING=S석}, {SEAT_PRICE=10,000원, PERFORM_IDX=35738, SEAT_RATING=A석}"
20250201,20250302,35791,연극,폴리팝,세종S씨어터,60.0,,3세 이상,브러쉬씨어터,1600-8534,,,,,91.0,"{SEAT_PRICE=60,000원, PERFORM_IDX=35791, SEAT_RATING=전석}"
20250121,20250330,35799,뮤지컬,뮤지컬 30주년 기념 공연,세종대극장,165.0,20.0,2018년 이전 출생자,(주)에이콤,02-2250-5900acommusical@naver.com,,"30주년 기념 공연 1995년 초연 이후 관객과 평단의 변함없는 사랑 속에 각종 기록을 남긴 뮤지컬 , 대한민국 뮤지컬사에 30년 그 이상의 발자취를 남기기 위한 위대한 22번째 프로덕션! 1996년 제2회 한국뮤지컬대상 6관왕을 시작으로 30년간 수많은 시상식에서 찬사를 받았던 한국 뮤지컬의 역사 초연 12년 만인 2007년 3월 1일 한국 창작뮤지컬 사상 최초 100만 관객 돌파 그리고 2009년 한국 뮤지컬 최초 1,000회 공연 돌파라는 대기록 수립! 뮤지컬 의 역사 1995년 뮤지컬 초연 매진 세례와 함께 연장 공연 확정 새로운 역사의 서막을 열다 1997년 아시아 뮤지컬 최초 뉴욕 브로드웨이 진출 (링컨 센터) 이후 LA, 토론토 등 해외 공연 진행 1999년 아시아 최초 LA Ovation Awards 3개 부문 노미네이트 2002년 런던 웨스트엔드 진출 (영어 공연, 해머스미스 아폴로 극장) 2005년 10주년 기념공연 (예술의전당 오페라극장) 2007년 누적 공연 횟수 1000회 돌파 (국립극장 해오름극장) 2008년 ‘국내 대형 창작 뮤지컬 최초’ 100만 관객 돌파 (예술의전당 오페라극장) 2009년 경희궁 숭정전 공연 (하이서울 페스티벌 봄 축제 - 고궁뮤지컬) 2015년 20주년 기념공연 (예술의전당 오페라극장) 2018년 누적 공연 횟수 1400회, 누적 관객 195만 돌파 2021년 205주년 기념공연 (예술의전당 오페라극장) 2025년 국내 창작뮤지컬 최초, 30주년 기념 공연 (세종문화회관 대극장) 한국 뮤지컬의 저력을 세계에 노래한 뮤지컬! 1997년 뉴욕 링컨센터 공연 1998년 LA 슈버트 극장 공연 2002년 런던 해머스미스 극장 공연 2004년 토론토 허밍버드 센터 공연 2009년 구마모토 가쿠엔 대학 공연 국내 초연 2년 만에 아시아 최초로 뮤지컬의 본고장 브로드웨이(1997년 뉴욕 링컨센터)와 웨스트엔드(2002년 런던 해머스미스 극장) 진출! 이후 캐나다 허밍 센터에서의 공연까지 성공하며 한국 창작 뮤지컬을 앞장서 알린 작품으로 발돋움했다. 30년의 시간이 만들어낸 완성도 높은 무대 소설 을 토대로 하여 한국적 정서를 담아낸 가사와 웅장한 선율로 빚어낸 50여 곡의 노래 혁신적인 회전 무대와 역동적인 안무, 화려한 의상으로 완성된 뮤지컬 는 끊임없는 진화로 명작의 품격을 유지하고 있다. AWARDS 2016년 제5회 예그린 뮤지컬 어워드 여우주연상(김소현) 2010년 대한민국 국가브랜드대상 2004년 제10회 한국뮤지컬대상 GM대우 아름다운 뮤지컬상 2003년 뮤지컬 부문 국회 대상 1999년 제10회 LA Ovation Awards 3개 부문 노미네이트 (여우주연상, 음향상, 조명상) 1998년 제4회 한국뮤지컬대상 3관왕 여우주연상(김원정), 남우주연상(유희성), 특별상(김영환) 1996년 제2회 한국뮤지컬대상 6관왕 (최우수작품상, 연출상, 남우조연상(김민수), 무대미술상, 기술상, 인기스타상). PRODUCTION HISTORY 1995년서울 예술의전당 오페라극장 초연 1996년서울 예술의전당 오페라극장 외 4개 지역 공연 1997년서울 예술의전당 오페라극장, 뉴욕, 인천 공연 1998년서울 예술의전당 오페라극장, LA 외 5개 지역 공연 1999년서울 예술의전당 오페라극장 외 6개 지역 공연 2000년서울 예술의전당 오페라극장 공연 2001년서울 예술의전당 오페라극장 외 9개 지역 공연 2002년서울 예술의전당 오페라극장, 런던 외 4개 지역 공연 2003년서울 예술의전당 오페라극장, 국립극장 해오름극장, LA 외 6개 지역 공연 2004년캐나다 토론토, 의정부 외 7개 지역 공연 2005년서울 예술의전당 오페라극장 외 12개 지역 공연 2006년서울 예술의전당 오페라극장, 국립극장 해오름극장 외 5개 지역 공연 2007년서울 예술의전당 오페라극장, 국립극장 해오름극장 외 12개 지역 공연 2008년서울 세종문화회관 대극장, 경희궁 숭정전 외 10개 지역 공연 2009년서울 국립극장 해오름극장, 일본 구마모토 외 2개 지역 공연 2010년대전 외 6개 지역 공연 2011년서울 충무아트홀 대극장 외 4개 지역 공연 2012년원주, 안양 공연 2013년대구 계명아트센터 공연 2014년군산 외 6개 지역 공연 2015년서울 예술의전당 오페라극장 외 11개 지역 공연 2016년광주 외 5개 지역 공연 2018년서울 세종문화회관 대극장 외 12개 지역 공연 2021년 서울 예술의전당 오페라극장 공연 ======================================================= SYNOPSIS 어린 고종은 세도정치의 폐단을 막고자 대원군이 간택한 민자영을 왕비로 맞는다. 대원군이 섭정 중인 조선은 서양과 교류하며 발전하는 주변국들과 달리 개항을 요구하는 열강들과 무력으로 충돌한다. 고종은 왕비의 지지에 힘입어 친정을 선포하고 개화정책을 추진한다. 하지만 개항 이후, 조선에서의 이권을 선점한 일본 상인의 횡포로 민심은 등을 돌리고, 급기야 군대 개혁에 불만을 품은 구식군이 대원군을 앞세워 군란을 일으킨다. 왕실은 결국 몰락해가는 청나라의 힘을 빌려 난을 진압하는 선택을 하게 된다. 고종과 왕비는 청일전쟁의 승리로 조선에서의 영향력이 커진 일본을 견제하기 위한 외교정책을 추진한다. 이로 인하여 조선 정복을 위한 계획에 차질이 생길 것을 우려한 일본의 관료들은 왕비를 장애물로 지적하고, ‘여우사냥’이라는 이름의 암살 작전을 계획하는데… ======================================================= CHARACTER &amp; CAST 명성황후 김소현 | 신영숙 | 차지연 고종 강필석 | 손준호 | 김주택 홍계훈 양준모 | 박민성 | 백형훈 대원군 서영주 | 이정열 미우라 김도형 | 문종원 박상궁 임선애 김상궁 박슬기 진령군 정목화 손탁 김가희 이노우에 김상현 이토 조영태 오카모토 김태현 왜상 박상희 베베르 민준호 원세개 주홍균 세자 박노아 | 윤도영 | 김민준 앙상블 김순주 박진원 엄정욱 고대완 정태근 이지윤 김선우 서광섭 이태권 안성연 박준우 염성훈 염정우 임지은 엄태용 이지우 배종오 정다은 배나무 신혜민 배형빈 김동현 오유진 오윤재 김경한 진선희 원세린 박진기 김동훈 전희은 차승우 정연우 강유경 ======================================================= CREATIVE TEAM 프로듀서 윤홍선 | 예술감독 윤호진 | 연출 안재승 원작 이문열 | 각색 김광림 | 작곡 김희갑 | 작사 양인자 | 편곡 피터 케이시 | 안무 서병구 음악감독 김문정 | 제작총괄 지재혁 | 무대디자인 박동우 | 조명디자인 최형오 | 음향디자인 김기영 영상디자인 송승규 | 분장디자인 김유선 | 의상디자인 김현숙, 정경희 | 소품디자인 조윤형 특수효과 박광남 | 기술감독 유석용 | 무대감독 강필수 | 제작감독 류정훈 제작 ACOM 제작투자 지니뮤직 홍보마케팅 ㈜로네뜨 공연문의 ACOM 02-2250-5900' border='0' style='border: 0px solid;'>",,,91.0,"{SEAT_PRICE=160,000원, PERFORM_IDX=35799, SEAT_RATING=VIP석}, {SEAT_PRICE=140,000원, PERFORM_IDX=35799, SEAT_RATING=R석}, {SEAT_PRICE=110,000원, PERFORM_IDX=35799, SEAT_RATING=S석}, {SEAT_PRICE=80,000원, PERFORM_IDX=35799, SEAT_RATING=A석}"
20250121,20250330,35874,뮤지컬,The Last Empress to Mark the 30th Anniversary,세종대극장,165.0,20.0,6,ACOM,02-2250-5900acommusical@naver.com,,"YoungKingGojongtakesMinJa-youngashisqueenappointedbyDaewongun,hisfatherwhoaimstopreventtheevilsofpoliticalpowerofin-laws.UnlikeneighboringcountriesthattaketheroadtodevelopbyinteractingwiththeWest,Joseon,whichDaewongunrulesasregent,goesthrougharmedclashwithpowersdemandingtoopenaport.Withthesupportofthequeen,KingGojongdeclaredthathewoulddopoliticshimselfandpromotedthepolicyofenlightenment.However,aftertheopeningoftheport,thepublicsentimentwasturnedawaybythetyrannyofJapanesemerchantswhohaddominatedinterestsinJoseon,andeventually,theold-fashionedarmy,dissatisfiedwithmilitaryreform,triggeredamilitaryrevoltwithDaewongunontheirside.TheroyalfamilyoptedtosuppresstherebellionbyleveragingthepowerofthefallingQingDynastyintheend.KingGojongandhisqueenpursuesadiplomaticpolicytocheckJapan,whichhasgrownitsinfluenceinJoseonfollowingthevictoryoftheSino-JapaneseWar.HavingconcernedthatthiswoulddisrupttheirplantoconquerJoseon,Japaneseofficialspointtothequeenasanobstacleandplananassassinationschemenamed'Foxhunting'...",,,91.0,"{SEAT_PRICE=160,000 won, PERFORM_IDX=35874, SEAT_RATING=VIP}, {SEAT_PRICE=140,000 won, PERFORM_IDX=35874, SEAT_RATING=R}, {SEAT_PRICE=110,000 won, PERFORM_IDX=35874, SEAT_RATING=S}, {SEAT_PRICE=80,000 won, PERFORM_IDX=35874, SEAT_RATING=A}, {SEAT_PRICE=60,000 won, PERFORM_IDX=35874, SEAT_RATING=B}"
20250120,20250120,35884,클래식,박찬식 바이올린 독주회 - 슈만 바이올린 소나타 전곡 연주,세종체임버홀,90.0,15.0,7세 이상,지클레프,02-515-5123,,"RobertSchumann(1810~1856)SonataforViolinandPianoNo.1inAminor,Op.105I.MitleidenschaftlichemAusdruckII.AllegrettoIII.LebhaftSonataforViolinandPianoNo.3inAminor,WoO2I.Ziemlichlangsam-LebhaftII.ScherzoIII.IntermezzoIV.FinaleIntermissionSonataforViolinandPianoNo.2inDminor,Op.121I.ZiemlichLangsam-LebhaftII.SehrlebhaftIII.Leise,einfachIV.Bewegt","Violinist박찬식진중하고깊은표현력을가진바이올리니스트박찬식은국내는물론유럽전역에서연주를펼치며다양한커리어를쌓아왔다.그는9세때인2005년에소년한국일보콩쿠르대상을받으며일찍부터두각을드러냈으며다음해인2006년,KBS교향악단과모차르트탄생250주년기념연주를통해연주활동을시작했다.그후로바로크현악콩쿠르2위,난파콩쿠르대상,이화경향콩쿠르2위,오사카국제콩쿠르에서1위없는2위,스위스'JeanFr?d?ricPerrenoud'국제콩쿠르심사위원장상,오스트리아라이온스뮤직어워드2위등다수의콩쿠르에입상하였으며,체코야나첵필하모니,슬로바키아필하모니,루마니아티미쇼아라오케스트라를비롯한해외다수의오케스트라와협연하였고빈무직페어라인,빈콘체르트하우스,빈슈테판성당,프라하스메타나홀,프라하루돌피눔,오스트리아ORF국영방송국홀,MuTH빈소년합창단홀,러시아모스크바음악의전당등연주홀에서다양한연주를펼쳐왔다.국내에서는KBS교향악단,서울신포니에타,서울스트링앙상블,코리아솔로이츠오케스트라등단체들과연주를이어가고있으며,서울예술의전당,세종문화회관,롯데콘서트홀,고양이람누리,경기도문화의전당,KBS홀등국내에서도꾸준히활동중이다.그는2012년스위스'SommetMusicauxdeGstaad'음악축제에서초청리사이틀을시작으로주프랑스한국문화원,주헝가리한국문화원,오스트리아EhrbarSaal,일신홀,2022년에는금호아트홀연세에서브람스전곡리사이틀을가진바있다.2009년선화예술학교실기우수자로입학후오스트리아로유학,그해가을부터빈국립음대영재과에서DoraSchwarzberg교수를사사하였고,2012년에빈국립음대본과에최연소입학하였다.2014년부터는전학년장학생으로빈시립음대에서PavelVernikov의지도아래서수석졸업(AusgezeichneterErfolg)하였으며,2019년가을부터빈시립음대대학원에서학업을이어나가고있다.Piano박영성피아니스트박영성은꾸준한끈기로피아니스트로서의경력을쌓고있는연주자이다.그는동아음악콩쿠르2위,제37회중앙음악콩쿠르2위,제22회KBS.KEPCO(구신인음악콩쿠르,2012)1위,제21회성정음악콩쿠르(2013)대상및16th아시아쇼팽콘체르토어워드1위,MozartInternationalCompetitioninAachen1위및청중상등국내외콩쿠르에서수상하였다.솔리스트로서수원시립교향악단,KBS교향악단,프라임필하모닉오케스트라,KNUA오케스트라와협연하였으며,중남미한국문화원초청SalondeHonor,CentroCulturalKirchner(Argentina)에서의독주회,금호영아티스트시리즈,한국예술종합학교피아노시리즈독주회,오사카한국문화원초청실내악연주회,독일한국음악제초청실내악연주회등의실내악프로그램에도활발하게참여하고있다.그는라이프치히아카데미장학생등으로참가하여독주회와실내악으로다양한공연을통해음악적인성장을보이고있으며,국민은행장학금,문화체육관광부장학금등의장학생으로선발되기도하였다.박영성은포항예고를졸업하였으며,한국예술종합학교에서김대진,임종필,손은정,강우성,OxanaYablonskaya교수등을사사하였다.",,91.0,"{SEAT_PRICE=20,000원, PERFORM_IDX=35884, SEAT_RATING=전석}"
20250118,20250118,35888,클래식,제3회 앙상블 누보 정기연주회,세종체임버홀,90.0,15.0,2018년 이전 출생자,예인예술기획,02-586-0945,,P.I.TchaikovskyAndanteCantabileforSoloCelloandOrchestra(arr.forStringEnsemble)*Solo윤해원*1stVn.이지영2ndVn.임창호Va.이신규Vc.유하나래Db.조재복J.HaydnCelloConcertoNo.2inDMajor(arr.forStringEnsemble)*Solo윤해원*1stVn.이지영2ndVn.임창호Va.이신규Vc.유하나래Db.조재복J.BrahmsPianoQuintetinfminor*Pf.박진우1stVn.임창호2ndVn.이지영Va.이신규Vc.윤해원,"#앙상블누보EnsembleNouveauEnsembleNouveau에서누보는불어로'New'라는뜻이다.미국,독일등각기다른나라와환경에서공부하고활동하며연주활동을이어가던연주자들이첼리스트윤해원을주축으로뜻을모아새로운마음으로같이연주해보고자결성한앙상블로서앞으로다양한스펙트럼의연주활동을이어갈예정이다.음악감독및Cello윤해원*줄리어드음악대학학사,석사장학생으로수료*RutgersUniversity전액장학금및Fellowship을수혜하며박사학위취득*조선일보,경향일보등국내다수콩쿨우승*코리안챔버오케스트라,코리안심포니오케스트라,서울시향등국내외오케스트라와협연*세종대,한양대강사역임*현재:앙상블누보음악감독및아티스트Violin임창호*서울예술고등학교수석입학후도미*줄리어드음악대학학사및석사,뉴저지럿걸스주립대학교박사학위취득*이화?경향,중앙일보,국민일보,미국코퍼스크리스티국제콩쿨,뉴욕음악콩쿨우승및입상,예원학교공로상수상*럿걸스주립대강사및뉴저지버겐심포니악장역임*현재:서울대출강Violin이지영*줄리어드예비학교,학사(BM),석사(MM)과정졸업*BergenPhilharmonic콩쿨우승및협연,이화경향,한국일보,조선일보콩쿨1위및입상*NewYorkStringSeminaratCarnegieHall참여,AliceTullyatLincolnCenter연주,헤이리카메라타,‘더뮤직’초청독주회,서울시티챔버오케스트라협연,화음체임버오케스트라협연*AspenMusicFestival,BowdoinInternationalFestival등다수음악제참여연주*현재:한국페스티발앙상블,화음체임버오케스트라,클래시칸앙상블,코리안챔버뮤직소사이어티,ERATO앙상블단원Viola이신규*줄리어드음악대학학사및석사전액장학졸업및연세대학교최초비올라박사수료*현재:클래시칸앙상블예술감독ClubM비올리스트,로워스트링콰르텟리더챔버뮤직소사이어티CMSROUND-TABLE음악감독디라이트아트홀예술감독한국국제예술학교비올라교수예원,서울예고,중앙대출강Cello유하나래*서울예술고등학교졸업*한양대학교음악대학관현악과수석졸업*독일함부르크국립음대석사(KADiplom)*한양대학교정기연주회,양주시립교향악단협연*한양대학교겸임교수,예원예술대학교강사역임*현재:양주시립교향악단첼로수석총신대콘서바토리,경기예술고등학교,효자중학교음악중점학교출강DoubleBass조재복*서울대학교음악대학재학중도독*독일베를린한스아이슬러국립음대Vordiplom*베를린국립예술대학(UDK)Diplom수석졸업*함부르크국립음대,에센폴크방국립음대Master과정수료*DuisburgerPhilharmoniker수석역임*하노버NDRRadiophilharmonie수석역임*경희대,숙명여대,계명대강사역임*현재:코리안챔버오케스트라정단원및한양대,경북대출강Piano박진우*예원,서울예고졸업,한국예술종합학교조기졸업*독일데트몰트음대KA과정졸업,독일하노버음대최고연주자과정졸업*‘서울예고를빛낸음악인’상수상,중앙음악콩쿨1위,난파콩쿨대상,PietroArgento국제콩쿨대상*KBS교향악단,부천필하모닉오케스트라,코리안심포니오케스트라,KCO등과협연*현재:중앙대학교음악학부피아노전공부교수",,91.0,"{SEAT_PRICE=20,000원, PERFORM_IDX=35888, SEAT_RATING=전석}"
20250117,20250117,35772,클래식,AYMS 창단연주회,세종체임버홀,100.0,15.0,7세 이상,마에스트로 컴퍼니,02-525-2761,,"*Vc.이유빈Pf.현승희R.Schumann(1810-1856)Adagio&amp;AllegroinAflatMajor,Op.70*Vn.김윤희Pf.사공유정J.Sibelius(1865-1957)6PiecesforViolinandPianoOp.791.Souvenir5.Tanz-Idylle*Pf.남궁솔,이진현S.Rachmaninoff(1873-1943)SymphonyNo.2,Op.27forPianoFourHands(arr.Wilschau)III.Adagio*Fl.김유경Cl.박재성Pf.사공유정C.SaintSa?ns(1835-1921)Tarantelle,Op.6forFlute,ClarinetandPiano*Pf.이호열Vn.김윤희Vc.이유빈W.Rabl(1873-1940)Fantasiest?cke,Op.2*Fl.김유경Pf.현승희R.Schumann(1810-1856)ThreeRomancesforFluteandPiano,Op.94*Vn.이지연Cl.박재성Pf.사공유정A.Piazzolla(1921-1971)FourSeasonsofBuenosAires-Inviernoporteno(Winter)*Pf.사공유정,현승희G.Bizet(1838-1875)CarmenforPianoFourHands(arr.M.Rebrovi?)","Piano사공유정-안양대학교음악학부피아노과실기수석졸업-네덜란드마스트리히트(Maastricht)국립음대전문연주자과정(Diplom)및최고연주자과정(Posrgraduate)졸업-제6회이탈리아파도바국제콩쿨(Padova)3위입상-코리아헤럴드콩쿨,한국일보콩쿨,전국학생음악콩쿨,진주개천예술제등다수국내콩쿨입상-뉴욕링컨센터,네덜란드마스트리히트시립극장,서울,대구,부산등수차례국내외독주회및연주회-현)안양대학교예술대학음악학과(피아노전공)교수,안양뮤직소사이어티회장,국제피아노음악협회이사Violin이지연-선화예술중학교,선화예술고등학교졸업-한양대학교음악대학관현악과졸업-독일쾰른-아헨국립음대전문연주자과정(석사)졸업-22년도19대경기음악상수상,2019년독일드레스덴바그너홀초청,&lt;클라라슈만탄생200주년기념&gt;리사이틀연주,예술의전당,세종문화회관,금호아트홀,영산아트홀,아람누리&amp;어울림누리에서다수의실내악연주,솔로연주,쳄버&amp;오케스트라,오페라연주-서울,경기,강원지역청소년대상강의&amp;초청연주-미국캘리포니아(SanDiego&amp;L.A.)Trinitytrio리더로3년간활동,포항예고,총신콘서바토리,충북예고영재원(2016년)실기강사,가현하모니오케스트라지휘자역임(7년간)역임-현)아이노스쳄버악장,국제평화심포니오케스트라악장,알투스앙상블리더,인칸토앙상블악장,사)한국음협고양지부대의원및전속연주자,음악예술학회회원,선화예중,선화예고출강,상명대학교일반대학원외래교수Piano현승희-안양예술고등학교음악과졸업-안양대학교음악학부피아노과졸업-독일HeidelbergMusikhochschuleK.A전문연주자과정졸업-현승희독주회(독일HeidelbergKammerSaal),현승희귀국독주회(금호아트홀),TwoPianosFourPianists(세종체임버홀,영산아트홀),클라비아노앙상블(서산문화회관)현승희·신수정듀오연주회(모차르트홀),독일하이델베르크음대동문연주회(로데아트센터),대전음악제(대전시립박물관)등다수연주-한·미콩쿨2위,세한대학교전국음악콩쿨1위,안양대학교전국음악콩쿨2위,경향음악신문사콩쿨우수상등다수콩쿨입상-현)베를린하이델스튜디오대표,조이중창단반주자,AYMS(안양뮤직소사이어티)이사Piano이진현-서울예고,서울대학교음악대학학사졸업-뮌헨국립음대석사및전문연주자과정졸업-프랑크푸르트국립음대최고연주자과정졸업-동아음악콩쿠르2위,스페인하엔국제콩쿠르2위및청중상-현)서울대학교,세종대학교,전남대학교,부산대학교,예원학교,서울예고출강Piano남궁솔-추계예술대학교음악대학학사졸업-경희대학교석사졸업-틴에이져,한음콩쿠르입상Piano이호열-예원학교차석입학,서울예고재학중도오-오스트리아빈국립음대기악과학사과정최연소수석입학및졸업,동대학원석사과정최우수졸업및Postgraduate과정수료-독일뮌헨국립음대마이스터클라세과정최우수졸업-뮌스터국립음대최고연주자과정졸업-이탈리아브레시아국제피아노콩쿠르및마사로자국제피아노콩쿠르1위,프랑스리옹국제피아노콩쿠르및세르비아쥬네스뮤지칼베오그라드국제피아노콩쿠르입상-세르비아국영방송오케스트라,이탈리아바리심포닉오케스트라,시카고챔버앙상블,강남심포니오케스트라,안양필하모닉오케스트라등협연-현)서울예고전공수업전담강사및경희대,예원학교,인천예고출강,트리오TRI:VERSUM멤버및안양뮤직소사이어티이사Clarinet박재성-독일아헨국립음대학사졸업-독일퀄른국립음대석사졸업-아헨심포니오케스트라객원단원역임-성남시립교향악단객원단원역임-현)코리안퍼시픽오케스트라수석,덕원예고,선화예중출강,감신대,한영대평생교육원외래교수Flute김유경-호주ElderConservatoriumofAdelaideUniversityFlutePerformanceBA졸업-프랑스베르사이유국립음악원(CNRdeVersailles)플루트고등연주자(DipSuperieur)및실내악1등졸업-프랑스베르사이유국립음악원플루트최고연주자(DipPerferctionnement)및음악이론(DEM)졸업-프랑스CharlesMunch음악원피콜로최고연주자과정(DipPerfectionnement)수료-플루티스트가스통크루넬추모콩쿨(프랑스)플루트부문심사위원만장일치1위-벨랑콩쿨(프랑스)실내악부문1위-렁데스영뮤지션콩쿨(프랑스)플루트부문1위-서울기독대,나사렛대,포항예고,경북예고,경기초,페이스튼국제학교(양재)강사역임-현)선화예중,부산예고,서울한영대출강,안양필하모닉오케스트라,뮤지컬팝스오케스트라수석,충현교회핸드벨연주대지휘및편곡,유튜브'음악쀼'채널크리에이터및마피아니스트아티스트,플루트와피아노를위한찬송연주곡1,2,3권저자(예솔출판사)Violin김윤희-예원학교졸업,서울예술고등학교졸업-연세대학교음악대학졸업(학부)(실기우등입학)-인디애나대학교졸업(PerformanceDiploma,석사)(GraduateTuitionAwards,Artistic,ExcellenceAwards,SupplementalAwards장학금수혜,석사전액장학금수혜)-연세대학교협주곡의밤연세대학교오케스트라와협연(백양콘서트홀),영산아트홀YouthConcert연주,귀국리사이틀(세종문화회관체임버홀),베토벤바이올린소나타전곡연주(영산아트홀,꿈의숲아트센터,금호아트홀연세),영산아트홀전문연주자시리즈선정-KBS교향악단원,인천시향,통영국제음악제(TIMF)TFO객원연주,TignesMusicAlpfestival참가-연세대학교오케스트라악장,현악앙상블악장역임-사사:MarkKaplan,강동석,정준수,김경민-현)경기예고,덕원예고출강,TRI:VERSUMpianotrio멤버Cello이유빈-선화예술중학교,선화예술고등학교졸업-연세대학교음악대학졸업-IndianaUniversity석사학위졸업-TignesMusicAlpFestival,CasalmaggioreInternationalMusicFestival등해외음악페스티벌참가-AuerHall,RecitalHall,FordHall,EskenaziMuseumofArt,GanzHall등다수의독주회,초청연주및실내악연주-서울솔리스트첼로앙상블단원,아카첼리창단멤버역임-EdwardAuerPianoWorkshop실내악강사역임-현)IndianaUniversity박사과정및TRI:VERSUM트리오,MußePianoQuartet맴버",,91.0,"{SEAT_PRICE=30,000원, PERFORM_IDX=35772, SEAT_RATING=전석}"
20250117,20250117,35844,클래식,AYMS Concert,세종체임버홀,100.0,15.0,6,Maestro Company,02-525-2761,,"*Vc.이유빈Pf.현승희R.Schumann(1810-1856)Adagio&amp;AllegroinAflatMajor,Op.70*Vn.김윤희Pf.사공유정J.Sibelius(1865-1957)6PiecesforViolinandPianoOp.791.Souvenir5.Tanz-Idylle*Pf.남궁솔,이진현S.Rachmaninoff(1873-1943)SymphonyNo.2,Op.27forPianoFourHands(arr.Wilschau)III.Adagio*Fl.김유경Cl.박재성Pf.사공유정C.SaintSa?ns(1835-1921)Tarantelle,Op.6forFlute,ClarinetandPiano*Pf.이호열Vn.김윤희Vc.이유빈W.Rabl(1873-1940)Fantasiest?cke,Op.2*Fl.김유경Pf.현승희R.Schumann(1810-1856)ThreeRomancesforFluteandPiano,Op.94*Vn.이지연Cl.박재성Pf.사공유정A.Piazzolla(1921-1971)FourSeasonsofBuenosAires-Inviernoporteno(Winter)*Pf.사공유정,현승희G.Bizet(1838-1875)CarmenforPianoFourHands(arr.M.Rebrovi?)",,,91.0,"{SEAT_PRICE=30,000 won, PERFORM_IDX=35844, SEAT_RATING=All seats}"
20250115,20250115,35815,클래식,이지예 귀국 클라리넷 독주회,세종체임버홀,90.0,15.0,7세 이상,케이클래식스테이지,02-523-7789,,,,,91.0,"{SEAT_PRICE=20,000원, PERFORM_IDX=35815, SEAT_RATING=전석}"
20250115,20250115,35843,클래식,Lee Jiye Clarinet Recital,세종체임버홀,90.0,15.0,7,K Classic Stage,02-523-7789,,"PROGRAMNobertBurgm?ller(1810-1836)DuoforclarinetandPianoop.15DavidPhilipHefti(1975-)O’Star부제:MosaicforclarinetSolo*국내초연GeraldFinzi(1901-1956)FiveBagatellesOp.231.Prelude2.Romance3.Carol4.Forlana5.FughettaINTERMISSIONJohannaSenfter(1879-1961)ClarinetSonatainAmajor,Op.571.Gem?ßigt2.Ruhig3.Gem?chlich",,,91.0,"{SEAT_PRICE=20,000 won, PERFORM_IDX=35843, SEAT_RATING=All seats}"
20250114,20250114,35794,클래식,장혜진 바이올린 독주회,세종체임버홀,90.0,15.0,7세 이상,예인예술기획,02-586-0945,,"#PROGRAMF.MendelssohnBartholdy...ViolinSonatainfminor,Op.4A.Dvo??k...RomanceforViolinandPianoinfminor,Op.11R.Wagner...AlbumleafforViolinandPianoinFMajor‘Romanza’R.Strauss...SonataforViolinandPianoinEbMajor,Op.18","#Violinist장혜진바이올리니스트장혜진은예원학교,서울예술고등학교졸업후도오하여빈국립음대에서학사및석사(Magister)를최우수성적으로졸업하였고,도미하여텍사스오스틴주립대학(UniversityofTexasatAustin)에서장학생(StarlingDistinguishedViolinistScholarship)으로연주학박사(D.M.A)를취득하였다.학창시절서울청소년실내악콩쿠르,숙명여대콩쿠르,경원대콩쿠르,TBC대구방송콩쿠르,한양대학교콩쿠르등에서상위입상하여실력을인정받은그녀는유학시절오케스트라활동에큰관심을보여스위스VerbierFestivalOrchestra및VerbierFestivalChamberOrchestra,일본P.M.F태평양음악제,독일Schuleswig-HolsteinMusicFestival에서남미,러시아,미국,캐나다및유럽전역투어에YuriTermikanov,CharlesDutoit,ChristophEschenbach,KurtMazur등세계적인지휘자들과오케스트라연주자로서꾸준한호흡을맞췄고,현대음악연주에도조예가깊어PierreBoulez가음악감독으로있던스위스LucerneFestivalOrchestraAcademy에도3년간전액장학생으로초청받아연주하였다.2010년비엔나에서석사를마치고ChristophEschenbach의Schleswig-HolsteinMusicFestival미주전역및캐나다투어중SanFranciscoSymphonyOrchestra음악감독인MichaelTilsonThomas가지휘한플로리다NewWorldSymphonyOrchestra오디션에선발되어3년간오케스트라와앙상블Fellowship활동을하였다.미국마이애미NewWorldSymphonyFellowship시절에는MichaelTilsonThomas가이끄는YouTubeSymphonyOrchestra의SydneyOperaHouse와,미국ArtosphereFestivalOrchestra,BreckenridgeMusicFestival,BrittMusicFestivalOrchestra에서초청연주하였으며사우스캐롤라이나주SpoletoMusicFestivalOrchestra,오스트리아InternationalesOrchesterInstitutAttergauMusicFestivalOrchestra에서다년간악장으로초청연주하였다.2020년귀국독주회(예술의전당리사이틀홀)를시작으로다채로운레퍼토리의독주회를선보이며,강남심포니오케스트라교향악축제(예술의전당콘서트홀),롯데콘서트홀개관1주년기념콘서트,APO와함께하는교보노블리에콘서트(롯데콘서트홀)등국내유수오케스트라연주를비롯하여SoaveTrio앙상블연주회(예술의전당리사이틀홀,금호아트홀연세),AdMusica정기연주회(예술의전당IBK챔버홀,세종체임버홀,금호아트홀연세),초청독주회(엘림아트센터엘림홀),클라라슈만탄생200주년음악회(세종체임버홀),앙상블율창단연주회(금호아트홀연세),MusiquedeChamber(일신홀),금현앙상블정기연주회(페리지홀),PianoTrioAMIGO(페리지홀),강남문화재단클래식품격콘서트,살롱콘서트등다양한연주를통해폭넓고다채로운레퍼토리를쌓아왔다.오스트리아비엔나국립음대에서알반베르그현악4중주단의G?nterPichler교수를사사한그녀는InternationalSummerWienerMasterclass(ZakarBron,ChristianAltenburger),SalzburgMozarteumMasterclass(LewisKaplan,PaulRoczek)등해외유명연주자들의마스터클래스에참가및연주를하며솔리스트로서의기반을쌓았고,TexasAustinSymphonyOrchestra,TexasAustinOperaOrchestra제1바이올린상임단원과대전시립교향악단객원악장을역임하며전문연주자로서의단단한기반을마련하였음은물론미국텍사스오스틴주립대학교박사과정중티칭어시스턴트를역임하며교육자로서의발판을다졌다.김현미,G?nterPichler,BrianLewis를사사한장혜진은한국예술종합학교겸임교수,이화여자대학교,협성대학교강사를역임하였고,현재연세대학교,장로회신학대학교객원교수,예원학교,서울예술고등학교에출강하면서후학양성에힘쓰고있으며,강남심포니오케스트라제2바이올린수석,SoaveTrio앙상블단원으로활동하며관객과소통하는무대를이어가고있다.#PianistPiotrKupka(피오트르쿠프카)*독일하노버국립음대,뤼벡국립음대피아노최우수졸업*독일에센국립음대지휘과정졸업*세니갈리아국제콩쿠르,제노바국제콩쿠르,마리아카날스국제콩쿠르,콘체르테움국제콩쿠르등다수의국제콩쿠르에서우승및입상*독일,폴란드,프랑스,이태리,스페인,체코,러사아,중국,일본등지에서솔로,반주및지휘연주초청*한국에서수많은독주,실내악및지휘연주초청(서울롯데콘서트홀,예술의전당IBK챔버홀및리사이틀홀,세종체임버홀,금호아트홀연세,아트센터인천,고양아람누리,부산,대구,광주,수원,안동,춘천,여수,목표,거제,부평,성남등)*독일브레멘국립음대강사,하겐오페라단지휘자및반주자,다니엘바렌보임의독일베를린국립오페라단반주자역임*현재:이화여자대학교반주과교수및한양대학교반주과대우교수",,91.0,"{SEAT_PRICE=30,000원, PERFORM_IDX=35794, SEAT_RATING=전석}"
20250114,20250114,35842,클래식,Violinist Jang Hye-Jin Violin Recital,세종체임버홀,90.0,15.0,6,,02-586-0945,,"F.MendelssohnBartholdy...ViolinSonatainfminor,Op.4A.Dvo??k...RomanceforViolinandPianoinfminor,Op.11R.Wagner...AlbumleafforViolinandPianoinFMajor‘Romanza’R.Strauss...SonataforViolinandPianoinEbMajor,Op.18",,,91.0,"{SEAT_PRICE=30,000 won, PERFORM_IDX=35842, SEAT_RATING=All Seats}"
20250111,20250111,35879,클래식,정예원 피아노 독주회,세종체임버홀,90.0,15.0,7세 이상,뮤직클레프,02-3297-3387,,,,,91.0,"{SEAT_PRICE=30,000원, PERFORM_IDX=35879, SEAT_RATING=전석}"
20250111,20250112,35693,무용,"발레의 별빛, 글로벌 발레스타 초청공연",세종대극장,135.0,15.0,7세 이상,(사)케이글로벌발레원,k-global@naver.com,,,,,91.0,"{SEAT_PRICE=200,000원, PERFORM_IDX=35693, SEAT_RATING=VVIP석}, {SEAT_PRICE=180,000원, PERFORM_IDX=35693, SEAT_RATING=VIP석}, {SEAT_PRICE=150,000원, PERFORM_IDX=35693, SEAT_RATING=R석}, {SEAT_PRICE=100,000원, PERFORM_IDX=35693, SEAT_RATING=S석}, {SEAT_PRICE=80,000원, PERFORM_IDX=35693, SEAT_RATING=A석}, {SEAT_PRICE=60,000원, PERFORM_IDX=35693, SEAT_RATING=B석}, {SEAT_PRICE=40,000원, PERFORM_IDX=35693, SEAT_RATING=C석}"
20250111,20250112,35875,무용,"Invitation Performance of Global Ballet Stars, Ballet's Starlight",세종대극장,135.0,15.0,7,K global,k-global@naver.com,,"AfeastofKoreanstardancersoftheworld’smuchsought-after!Korea’sleadingdancersactiveintheworld'sbestballetcompanies,includingtheParisOperaBallet,theDutchNationalBallet,andtheBostonBalletintheUnitedStates,willgettogetherinoneplace!TheonlychancetomeetalltheworksofballetlegendsinKorea,suchasGeorgeBalanchine,WilliamForsythe,andMariusPetitpa.ProfessorKimSun-heeoftheKoreaNationalUniversityofArts,thefoundationofKoreanballet,whichhasproducedmanyglobalballetstars,willserveasartisticdirector,andtherewillbeauniquepremiumstagethatcannotbeseenanywhereelse!",,,91.0,"{SEAT_PRICE=200,000 won, PERFORM_IDX=35875, SEAT_RATING=SUITE}, {SEAT_PRICE=180000 won, PERFORM_IDX=35875, SEAT_RATING=VIP}, {SEAT_PRICE=150000 won, PERFORM_IDX=35875, SEAT_RATING=R}, {SEAT_PRICE=100000 won, PERFORM_IDX=35875, SEAT_RATING=S}, {SEAT_PRICE=80000 won, PERFORM_IDX=35875, SEAT_RATING=A}, {SEAT_PRICE=60,000 won, PERFORM_IDX=35875, SEAT_RATING=B}, {SEAT_PRICE=40,000 won, PERFORM_IDX=35875, SEAT_RATING=C}"
20250110,20250110,35833,클래식,The 2025 Seoul Philharmonic Orchestra New Year's Concert,세종대극장,95.0,15.0,6,Seoul Philharmonic Orchestra,1588-1210,,"Mendelssohn,SymphonyNo.4inAmajor,Op.90'Italian'Sibelius,ViolinConcertoinDminor,Op.47J.StraussII,DieFledermaus:OvertureJ.StraussII,Andersch?nenblauenDonau,Op.314",,,,"{SEAT_PRICE=70,000 won, PERFORM_IDX=35833, SEAT_RATING=R}, {SEAT_PRICE=40,000 won, PERFORM_IDX=35833, SEAT_RATING=S}, {SEAT_PRICE=10,000 won, PERFORM_IDX=35833, SEAT_RATING=A}"
20250110,20250110,35857,클래식,김완중 피아노 독주회,꿈의숲 콘서트홀,,,2017년 이전 출생자,김동영,010-3712-8704,"국내콘서트홀에서많이연주되는매력적인레파토리와아직잘연주되지않는숨은보석같은작곡가의곡들을적절히혼합하여기획한프로그램구성으로,청중들에게후기바로크를대표하는바흐부터,현대음악세계에새로운센세이션을제시한리게티의작품까지골고루선사하는풀패키지피아노독주회입니다.리게티의에튀드1권의마지막곡인바르샤바의가을은여러선율이중첩되어다른속도로흘러가는폴리템포가곡에핵심적으로작용하며,마치가을의낙엽,바람등의소리를연상시키는연습곡입니다.바흐의푸가의기술은그의마지막건반음악이며,마지막악장이미완성으로남겨진것이특징이며,제5번은곡전체를아우르는중심선율이뒤집힌형태를주로삼아,서정적이고낭만적인형태의대위법을통해곡이전개됩니다.슈만의판타지는베토벤의출생도시인본에베토벤기념비를세우기위한모금활동에참여하기위해작곡된곡으로,곡전체에베토벤의특징이녹아들어있습니다.슈만은또한클라라와의애석한헤어짐을,서로만나지못하고방황하는왼손과오른손을통해표현해냈다.바르톡의에튀드는피아노에능숙한작곡가본인도연주를꺼려한,아방가르드하고실험적인피아노연습곡입니다.베토벤의후기소나타중하나로,3악장에걸쳐곡분위기의명암이드라마틱하게전개되는낭만적인특징을지닙니다.",,,,,"{SEAT_PRICE=무료, PERFORM_IDX=35857, SEAT_RATING=전석}"
20250110,20250110,35831,클래식,2025 서울시향 신년 음악회,세종대극장,95.0,15.0,7세 이상,(재)서울시립교향악단,1588-1210,,"멘델스존,교향곡제4번'이탈리아'Mendelssohn,SymphonyNo.4inAmajor,Op.90'Italian'시벨리우스,바이올린협주곡Sibelius,ViolinConcertoinDminor,Op.47요한슈트라우스2세,&lt;박쥐&gt;서곡J.StraussII,DieFledermaus:Overture요한슈트라우스2세,'아름답고푸른도나우'J.StraussII,Andersch?nenblauenDonau,Op.314*프로그램및연주자가변경될수있습니다.※ 본 공연은 서울시의 '약자와의 동행' 정책과 함께 합니다.",,,91.0,"{SEAT_PRICE=70,000원, PERFORM_IDX=35831, SEAT_RATING=R석}, {SEAT_PRICE=40,000원, PERFORM_IDX=35831, SEAT_RATING=S석}, {SEAT_PRICE=10,000원, PERFORM_IDX=35831, SEAT_RATING=A석}"
20250109,20250109,35883,클래식,웨스턴 성악협회 정기연주회 The lives of women in love,세종체임버홀,90.0,15.0,7세 이상,영음예술기획,02-581-5404,,,,,91.0,"{SEAT_PRICE=20,000원, PERFORM_IDX=35883, SEAT_RATING=전석}"
20250107,20250303,35850,연극,연극 〈세일즈맨의 죽음〉,세종M씨어터,170.0,15.0,14세 이상,(유)쇼앤텔플레이,02-766-1010,,,,,91.0,"{SEAT_PRICE=88,000원, PERFORM_IDX=35850, SEAT_RATING=R석}, {SEAT_PRICE=66,000원, PERFORM_IDX=35850, SEAT_RATING=S석}, {SEAT_PRICE=44,000원, PERFORM_IDX=35850, SEAT_RATING=A석}"
20250106,20250106,35841,클래식,Kim Jin-Ju Piano Recital,세종체임버홀,90.0,15.0,8,Arte with,070-8733-3933,,"ProgramJ.S.Bach(1735-1782)Toccataineminor,BWV.914L.v.Beethoven(1770-1827)PianoSonataNo.21inCMajor,Op.53AllegroconbrioIntroduzione:AdagiomoltoRondo:Allegrettomoderato-PrestissimoIntermissionF.Chopin(1810-1849)PianoSonataNo.3inbminor,Op.58AllegroMaestosoScherzo:MoltovivaceLargoFinale: Presto ma non tanto",,,91.0,"{SEAT_PRICE=20,000 won, PERFORM_IDX=35841, SEAT_RATING=All seats}"
20250106,20250106,35811,클래식,김진주 귀국 피아노 독주회,세종체임버홀,90.0,15.0,8세 이상,아르테위드,070-8733-3933,,,,,91.0,"{SEAT_PRICE=20,000원, PERFORM_IDX=35811, SEAT_RATING=전석}"
20250104,20250104,35860,클래식,Third Regular Concert of Trio CYL,세종체임버홀,100.0,15.0,7,LEAD,02-518-9792,,"ThetrioCYL,achambermusicgroup,isapianotrioconsistingofviolinistLeeSo-rim,cellistYooHanaru,andpianistParkSoo-jin.TheyhaveparticipatedinandwonanumberofcompetitionswhilestudyingtogetheratHochschulef?rMusikN?rnberginGermany,andhascontinuedtoperformonseveralstagessincetheyreturnedhome.World-renownedviolinistandprofessorUlfKlausenitzeracclaimedTrioCYLas'aperformancethatsurpassestheheatoffire'.Theteamalsoexploreshowtounveiltheiruniquecolorsandvibrantexpressions.FordevelopmentoftheensembleofWesternandKoreanmusicalinstruments,thechambermusicgroupsuccessfullypresentsexperimentalperformanceswithnumerouscomposerssuchasKimDae-sung,LeeJung-myeon,andKangSang-gu.",,,91.0,"{SEAT_PRICE=30,000 won, PERFORM_IDX=35860, SEAT_RATING=All seats}"
20250104,20250105,35806,대중음악,2025 이은미 라이브투어 [MOVE ON] 서울공연,세종대극장,120.0,,7세 이상,주식회사 플랜이,062-415-4271,,,,,91.0,"{SEAT_PRICE=143,000원, PERFORM_IDX=35806, SEAT_RATING=VIP석}, {SEAT_PRICE=121,000원, PERFORM_IDX=35806, SEAT_RATING=R석}, {SEAT_PRICE=110,000원, PERFORM_IDX=35806, SEAT_RATING=S석}, {SEAT_PRICE=99,000원, PERFORM_IDX=35806, SEAT_RATING=A석}"
20250104,20250105,35876,대중음악,2025 Lee Eun-mee Live Tour [MOVE ON] in Seoul,세종대극장,120.0,,7,,062-415-4271,,"TheKorea’srepresentativebarefootdiva!LeeEun-mee,asingerwhoalwayspresentsbrand-newandemotionalperformancesyearafteryearwithmusicthatissometimesmournfulandsometimessympathetic!Wewanttosharethesongsandstoriesthatwe'vebeentogetherandheardtogether.Westartanewchallengewithastagewherewecommunicateandempathizewiththeaudiencewithsmallbutspecialemotionsthatflowinourdailylives.Weinviteyoutothe2024-25LeeEun-meeLiveTourMOVEON.",,,91.0,"{SEAT_PRICE=143,000 won, PERFORM_IDX=35876, SEAT_RATING=VIP}, {SEAT_PRICE=121,000 won, PERFORM_IDX=35876, SEAT_RATING=R}, {SEAT_PRICE=110,000 won, PERFORM_IDX=35876, SEAT_RATING=S}, {SEAT_PRICE=99,000 won, PERFORM_IDX=35876, SEAT_RATING=A}"
20250104,20250104,35851,클래식,소프라노 이결 독창회,꿈의숲 콘서트홀,90.0,15.0,2018년 이전 출생자,유니코예술기획,02-532-4876,,M?ty?sSeiber(1905-1960)“ToPoetry”InvocationSonnetTearsTimorMortisEpilogueLeeHoiby(1926-2011)“Threeagesofwoman”1.Manners2.Fillingstation3.InsomniaIntermissionEliottCarter(1908-2012)“OfChallengeandofLove”(1994)1.HighonOurTower2.UndertheDome3.AmKlavier(atthepiano)4.QuatrainsfromHarpLake5.EndofaChapterRickyIanGordon(1956-)HeavenMymotherisasingerALullabyJoy,,"Soprano이결소프라노이결은예원학교와서울예술고등학교,서울대학교음악대학성악과를졸업하고미국이스트만음대석사과정에실기우수장학생으로입학하여학위를마쳤다.이후위스콘신주립대학교(UniversityofWisconsin-Madison)음대성악과연주및문헌학박사과정(DMA)에전액장학생으로입학하여박사학위를취득하였다.박사과정동안TeachingAssistant로서성악과학부생과비전공자들의일대일성악수업을,성악과학생들을대상으로한오페라워크숍수업에서오페라연출을지도하였다.2013년부터2015년까지는위스콘신BeloitCollege에서비전임성악강사(AdjunctProfessor)로임용되어음대학부생을비롯한비전공자들의성악입문수업을지도하였고학생들의반주자로도활동하였다.서울대학교정기오페라모차르트의‘돈조반니’의‘체를리나’역을시작으로미국에서‘피가로의결혼’,‘코지판투테’,‘극장지배인’,푸치니의‘쟌니스끼끼’,메노티의‘영사’등의오페라주역으로출연하였으며2011년이탈리아오르비에토에서열린“OperaOrvieto”프로그램의‘코지판투테’에‘데스피나’역으로공연하여호평을받았다.국내에서는광명시오페라단‘버섯피자’의‘볼룹뚜아’역,서울시오페라단“세비야의이발사”‘로지나’역,서울오페라앙상블“돈조반니”‘체를리나’역등주역으로출연하며그외다수의음악회에솔리스트로활약하였다.서혜연,형진미,석금숙,RobertMcIver,MimmiFulmer를사사하였고그외WillamFarlow,CarlosMoser,LibbyLarsen,BentonHess등의음악가들과함께작업하였다.현재예원학교,서울예고,서울대학교에출강하며전문연주자로활동중이다.예원학교,서울예술고등학교졸업서울대학교음악대학성악과학사졸업EastmanSchoolofMusic성악과석사졸업UniversityofWisconsin-Madison성악과박사졸업슈베르트가곡콩쿨3위,미국NATS성악콩쿨위스콘신지역1위입상오페라돈죠반니,코지판투테,TheConsul,쟌니스끼끼등다수의오페라출연이태리OperaOrvieto코지판투테데스피나역서울시오페라단“세빌리아의이발사”로지나역서울오페라앙상블“돈죠반니”체를리나역외다수주역출연현재예원학교,서울예술고등학교,서울대학교출강,세종대학교겸임교수Pianist정은영선화예중,예고수석입학,졸업서울대학교피아노과학사졸업NewEnglandConservatoryofMusic석사졸업GlennGouldSchooloftheRoyalConservatoryofMusic에서최고연주자(ArtistDiploma)졸업(전액장학금수혜)모스트리필하모닉,소리얼오케스트라와예술의전당콘서트홀,영산아트홀,유니버설아트센터에서협연,미국NewYorkSteinway&amp;SonsHall,BostonWilliamsHall,캐나다TorontoMazzoleniHall에서리사이틀WinnerofCorcoranconcertocompetition,GlennGouldSchoolChambercompetition2ndprize수상현)서울대학교박사과정재학중",91.0,"{SEAT_PRICE=20,000원, PERFORM_IDX=35851, SEAT_RATING=전석}"
20250104,20250104,35798,클래식,제3회 트리오 씰(CYL) 정기연주회,세종체임버홀,100.0,15.0,7세 이상,리드예술기획,02-518-9792,,"PROGRAMA.Dvo??k...PianoTrioNo.4ineminor,Op.90'Dumky'P.I.Tchaikovsky...PianoTrioinaminor,Op.50","TrioCYL트리오씰은바이올리니스트이소림,첼리스트유하나루,피아니스트박수진으로구성된피아노트리오실내악그룹으로독일뉘른베르크국립음대에서함께유학하던중그뜻을같이하여다수의콩쿨에참가및입상하였으며,귀국후에도여러무대에서연주활동을이어오고있다.세계적인바이올리니스트이자교수UlfKlausenitzer는TrioCYL에대해‘불의열기를능가하는연주’라호평하였으며그들의개성넘치는색채와다채로운표현력을어떻게선보일지연구하는팀이기도하다.또한한국음악과의교류를발전시키고있으며서양악기와한국악기의앙상블발전을위해작곡가김대성,이정면,강상구등수많은작곡가와함께실험적인공연을성공적으로선보이고있다.Violin이소림*독일로스톡국립음대예비학교수료및학사,석사졸업*독일뉘른베르크국립음대Aufbaustudium(최고연주자과정)만점졸업및Meisterklasse(박사과정)졸업*Barletta국제콩쿨Violin부문및String전체1위,ClaudioMonteverdi국제콩쿨전체3위등다수의콩쿨상위입상*독일파사우필하모닉단원,서울내셔널심포니오케스트라수석,바로크합주단단원역임*부다페스트,빈,독일각지,한국소리문화의전당,영산아트홀,영산그레이스홀,성남아트센터,세종문화회관,금호아트홀,예술의전당등수차례의독주회,실내악및협연*전주예술중?고등학교및영재원,계성초오케스트라강사역임*현재:트리오씰(CYL)리더Cello유하나루*독일만하임국립음대학사및전문연주자과정졸업및동대학원오케스트라솔리스트최고연주자과정졸업*독일뉘른베르크국립음대최고연주자과정졸업*이태리가스파레스폰티니공립음대지휘박사과정(DMA)졸업*이태리“CittadiBarletta”국제콩쿨Duo부문1위및현악전체부문2위,“Euterpe”국제콩쿨현악전체부문1위및실내악부문2위*북체코필하모니,SinfonicOrchestraofCityofAlcalaMadrid,PortoPhilharmony,세종국악관현악단외다수의협연*중앙대,한세대,나사렛대,총신대콘서바토리강사역임*국내첼리스트최초로슈베르트'겨울나그네'전곡앨범,미스터블랙1집'Romance',2집'Insomnia',프로젝트그룹KLAZZ1집자작곡앨범'Lifetimes'발매*현재:트리오씰멤버,서울예술대출강한신초오케스트라지휘자,수지유스오케스트라지휘자클래식영상전문업체스카이아츠컴퍼니대표스타엔즈소속첼리스트겸지휘자Piano박수진*독일에센폴크방국립음대전문연주자과정(Diplom)졸업*독일뉘른베르크국립음대최고연주자과정(Meisterklasse)최고점수(mitAuszeichnung)졸업*독일Karl-DrechselF?rderpreis2위입상*DAAD(독일학술교류처)및뉘른베르크시장학금수혜*슈만탄생200주년독주회,인상주의음악학술제,BezirkOberfranken아티스트로가곡,오페라반주자역임*다수의독주회및피아노듀오,멘델스존무언가음반발매등앙상블및반주자로활동*국립안동대,대구가톨릭대,총신대콘서바토리,고양예고,울산예고,인천예고,인천예술영재교육원강사역임*현재:트리오씰(CYL)멤버,숙명여대,인천여중음악중점학교출강",,91.0,"{SEAT_PRICE=30,000원, PERFORM_IDX=35798, SEAT_RATING=전석}"
20250103,20250130,35747,연극,두들팝,세종S씨어터,60.0,,3세 이상,브러쉬씨어터,1600-8534,,,,,91.0,"{SEAT_PRICE=50,000원, PERFORM_IDX=35747, SEAT_RATING=전석}"
20250103,20250103,35828,클래식,Soprano Lee Woo-Yen Recital,세종체임버홀,90.0,15.0,7,G Clef,02-515-5123,,"PROGRAMR.Hahn(1874-1947)AChloris클로리스에게Chansonsgrises2.Tousdeux두사람3.L'all?eestsansfin길은끝이없다5.L'heureexquise절묘한시간7.Labonnechanson좋은노래J.Massenet(1842-1912)PoemePastoral2.Musette뮤제트3.Aurore새벽4.Paysage풍경El?gie비가INTERMISSION김효근(b.1960)눈윤학준(b.1949)잔향마중F.Cilea(1866-1950)Opera'Adrianalecouvreur'-Iosonl'umileancella.저는창조주의미천한종일뿐-Ma,dunque?vero?Dite...그렇다면그게사실인가요?말해보세요...",,,91.0,"{SEAT_PRICE=30,000 won, PERFORM_IDX=35828, SEAT_RATING=All seats}"
20250103,20250103,35812,클래식,소프라노 이우연 독창회,세종체임버홀,90.0,15.0,7세 이상,지클레프,02-515-5123,,"의 주역 데뷔무대를 시작으로 오페라 , , , , , 등 다수 오페라 작품의 주역으로 활동하였으며, 제13회 대한민국 오페라 페스티벌 , 콘서트오페라 , 창작오페라 , 등 다양한 장르를 넘나드는 무대를 통해 큰 활약을 펼치며 그녀만의 다채로운 매력을 선보였다. 또한 이태리 TOSCANA주 BAGNI DI LUCCA시 초청연주, 이태리 LOMBARDIA주 LEGNANO시 초청연주, 이태리 피렌체 국제 음악 페스티벌 초청 독창회, 한?러 수교 25주년 기념음악회, 골든 오페라 콘서트, 오페라 갈라콘서트, 세종문화회관 체임버홀 독창회 등 국내외 다수의 초청연주 및 독창회를 개최하며 뛰어난 가창력과 연기력을 갖춘 성악가로 청중들의 주목을 받았다. 현재 소프라노 이우연은 예원예술대학교 공연예술학과 교수로 재직 중이며 후학 양성과 함께 경기도 고양시 약사협회 합창단 지휘자로 활동하며 솔리스트로서 폭넓은 음악적 행보를 이어가고 있다. Piano 정호정 - 이화여자대학교 및 동대학원 졸업 - 미국 Juilliard School 석사, Artist Diploma 졸업 - 국립오페라단, 서울시립오페라단, 예술의전당, 성남 문화재단, 아트센터 인천, Juilliard School 등에서 오페라 코치로 활동 - Lyndon Woodside Oratorio-Solo Competition, Ravinia Festival, 서울국제콩쿨 등 공식 반주자 역임 -현) 이화여자대학교, 한양대학교 출강 Tenor 정호윤 - 서울대학교 성악과 졸업 - 베를린 국립음대 성악과 졸업, 체코 브르노 국립음악원 최고연주자 과정 졸업 - 동아음악콩쿠르 1위, 국립오페라 콩쿠르 대상, 벨기에 왕립 베르비에 콩쿠르 대상 등 다수 입상 - 2003년 함부르크 국립오페라단 공작 역으로 데뷔 - 세계 3대 오페라 좌로 꼽히는 비엔나 국립오페라 전속 가수로 발탁 - 비엔나 국립오페라, 코벤트 가든 로얄 오페라, 시드니 오페라하우스, 함부르크 국립오페라, 드레스덴 젬퍼 오페라, 베를린 국립오페라, 도이치오퍼, 레알 마드리드 극장, 베로나 야외극장, 에쎈 알토 테아터, 볼로냐 오페라 극장, 바리 오페라 극장, 프랑크 푸르트, 모데나 파바로티 극장, 트리에스테 베르디 극장, 트렌토 극장, 베른 시립극장, 바르샤바 국립 오페라, 리옹 오페라, 오슬로 국립오페라 등 세계 주요 극장에서 주역 가수로 활동 중 - 현) 서울사이버대학교 음악대학 학장' border='0' style='width: 951px; height: 1347px; border: 0px solid;'>",,,91.0,"{SEAT_PRICE=30,000원, PERFORM_IDX=35812, SEAT_RATING=전석}"
20250102,20250102,35853,클래식,테너 신지한 독창회,세종체임버홀,90.0,15.0,8세 이상,이기연오페라연구소,generalann@naver.com070-8800-3780,스웨덴과유럽을주무대로활동하는테너신지한이국내팬들이게최초로선보이는리사이틀이다.이번공연에서감성적인테너의정수를들려드릴수있는주옥같은클래식곡과한국가곡을선보일예정이다.2025년1월신년을좋은클래식과한국가곡으로열어한해좋은일과행복이있기를기원하는리사이틀이다.,"ReynaldoHahn(1874-1947)Ur20Melodies:AChloris클로리스에게Mai5월L’enamouree사랑의요정SalvatoreRosa(1615-1673)Vadobenspessocangiandoloco나는자주이리저리다니지만FrancescoGasparina(1661-1727)Lasciard’amarti그대사랑하지않고는M.AntonioCesti(1623-1669)Tumancaviatormentarvi나를괴롭게하는그대를잊고G.F.H?ndel(1685-1759)Messiah(Arr.Mozart):Rejoicegreatly,OdaugterofZion크게기뻐하라,시온의딸이여IntermissionJulesMassnet(1842-1912)C’estvrai...Enfermantlesyeux?fromOpera오페라&lt;마농&gt;中사실이야..내가눈을감았을때FrancoP.Tosti(1846-1916)Loveme나를사랑해주오Goodbye안녕히조혜영못잊어노영심시소타기P.Tchaikovsky(1840-1893)Kuda,kuda,kudaviudalilis..-fromOpera오페라&lt;예브게니오네긴&gt;中어디로갔나,내젊은날이여GustafNorqvist(1886-1949)Tillhavs바다에서","Tenor신지한호소력있는목소리와섬세한감성으로관객의마음을사로잡는테너신지한은 연세대학교음악대학성악과재학중신영옥콩쿨,고태국콩쿨,대구성악콩쿨등에 입상하며두각을나타내었다.대학졸업후,이태리로마로유학하여리치노레피치 국립음악원성악과최고연주과정을최우수성적으로졸업하였다.바리톤레나토브루손에게발탁되어밀라노스칼라좌아카데미 최고연주자과정에장학생으로선발된그는미렐라프레니, 레나토부르손제임스본,빈첸초스칼레라등세계적인성악가, 음악코치에게사사하며정상급연주자로서의발판을다져나갔다.제17회자코모라우리볼피국제콩쿨우승을시작으로로란도니콜로지 국제콩쿨에서도우승하였고,런던풀햄오페라협회주최베르디국제콩쿨에서 준우승하였다.이외,오타비오지노,피사국제콩쿨,로마국제종교음악콩쿨,파리 벨칸토빈첸조벨리니국제콩쿨등다수의콩쿨에서입상하였다. 세계최고오페라극장인밀라노라스칼라좌오페라하우스에서로시니오페라 'L'occasionefailladro'ConteAlberto역으로데뷔하였고,라스칼라오페라 하우스에서4년간약40여회공연하였다.스페인,그리스,미국,뮌헨,룩셈부르크등에서초청음악회로호평을받았으며 &lt;팔스타프&gt;,&lt;신데렐라&gt;,&lt;장미의기사&gt;,&lt;루이자밀러&gt;,&lt;호수의여인&gt;등라스칼라 오페라를비롯,이태리파르마왕립오페라,부세토오페라,베로나필하모닉오페라, 피렌체베르디오페라등에서도테너주역으로활동하였다. 스웨덴왕립오페라하우스에서벤저민브리튼의오페라&lt;한여름밤의꿈&gt;의라이샌더역으로데뷔하였고,스웨덴울릭스달궁정극장,드로트닝홈궁정극장,노를란드 오페라,덴마크올보리필하모닉등북유럽에서도활발한활동을이어나가고있다.Piano이기연-이탈리아로마산타체칠리아국립음악원피아노과졸업(Diploma)-동음악원오페라코치최고과정졸업(Biennio)-이태리베로나시립음악원합창지휘과정졸업-레나토브루손,자코모아라갈,루치아나세라,호세쿠라등유명성악가와작업-세종문화회관,예술의전당,롯데콘서트홀등국내외다수의홀에서 피아노독주회,독창회반주,오페라코치및콘서트진행-삼성,현대,한화,국방부,국토교통부등다수의기업에서초청음악회및강연-2018년국토교통부장관상표창-서울신대,명지전문대,추계예대강사역임-숙명여대미래문화최고위과정지도교수역임-현)이기연오페라연구소대표,산림청프로그램심의위원",,91.0,"{SEAT_PRICE=30,000원, PERFORM_IDX=35853, SEAT_RATING=R석}, {SEAT_PRICE=20,000원, PERFORM_IDX=35853, SEAT_RATING=S석}"
20250101,20250101,35840,클래식,2025 New Year Concert Ensemble Variety,세종체임버홀,90.0,15.0,6,,"02-549-4133, 1131",,"J.StraussII-MeinHerrMarquisfromG.Faure-Pavane,Op.50S.Rachmaninov(V.Gryaznov)-ItalianPolkaM.Ravel?Bol?roIntermissonP.I.Tchaikovsky-TheNutcrackerSuiteOp.71a제3곡사탕요정의춤(DanceoftheSugarPlumFairy)제4곡러시아의춤(Trepak)제6곡중국의춤(ChineseDance)제8곡꽃의왈츠(WaltzoftheFlowers)P.I.Tchaikovsky-‘Polonaise’from,Op.24J.StraussII-Fr?hlingsstimmen(VoicesOfSpring)Op.410J.StraussII-Tritsch-TratschPolka",,,91.0,"{SEAT_PRICE=30,000 won, PERFORM_IDX=35840, SEAT_RATING=All seats}"
20250101,20250101,35818,클래식,클래식 무곡,세종체임버홀,90.0,15.0,8세 이상,음악교육신문,"02-549-4133, 1131",,", 등 다수의 오페라 출연 현재 : 버라이어티뮤직그룹 이사 및 소속 아티스트, 코멜리 앙상블, 영미 가곡 연구회 등 전문 연주자로 활동 ? 피아노 최세린 ?선화예중?고 졸업 ?서울대 음대 학사 졸업 ?독일 프랑크푸르트 국립음대 석사 졸업 ?독일 프라이부르크 국립음대 최고연주자과정 졸업 ?음연 콩쿠르, JEAN FRAN?AIX 국제 피아노 콩쿠르 등 국내외 콩쿠르 우승 및 입상 현재 : 버라이어티뮤직그룹 소속 아티스트, 경남예고, 인천예고, 선화예중 출강 ?작/편곡 정유식 ?선화예중, 경희대 음대 작곡과, 서울대 작곡 전공 석사 졸업 ?서울대 작곡 전공 박사 수료 ?충청대, 명지전문대, 세종예고 강사 역임 현재 : 버라이어티뮤직그룹 소속 아티스트, (주)오르아트 음악감독, 앙상블아랑 대표 겸 음악감독, 한국국민악회 회원, 세종과학예술영재학교, 함덕고 음악과, 안양예고 출강' border='0' style='width: 950px; height: 1343px; border: 0px solid;'>",,,91.0,"{SEAT_PRICE=30,000원, PERFORM_IDX=35818, SEAT_RATING=전석}"
20241231,20241231,35804,대중음악,"노영심 첼로가 좋아서, 홍진호 피아노가 좋아서",세종S씨어터,90.0,,8세 이상,(주)프라이빗커브,02-563-7110,,,,,91.0,"{SEAT_PRICE=110,000원, PERFORM_IDX=35804, SEAT_RATING=R석}"
20241231,20241231,35868,대중음악,"Noh Young-sim, who likes cello, Hong Jin-ho, who likes Piano",세종S씨어터,90.0,,8,PRIVATE CURVE,02-563-7110,,"WewillmeetonDecember31.Attheendoftheyear,wewillplayanodetotransparenttimetoringinthenewyear.Itwouldbegreatifwecouldtellourselves,'Thisisenough,'whenwefeelregrettable.NoYoung-simmadeherdebutin1989whenshewroteandcomposedthesong'Wishes'bysingerByunJin-seopwhileattendingEwhaWomansUniversity'sCollegeofMusic.Sincethen,shehasbeenactiveasasongwriterofandcomposinghitssongsbymanyfamousKoreansingers,includingLeeSang-woo's'100mbeforeImeether,'ParkJeong-hyun's'I’llwriteyoualetter,'andSweetSorrow's'NomatterhowIthinkaboutyou.'Inaddition,shehasestablishedherpositionasasingerbysingingaremakesongofLeeJin's'OnlyLongingGrows'andgainingasmuchpopularityastheoriginalversion.Recently,shebecamethecenterofattentiontalkassheservedasthemusicdirectorofthemostpopulardrama'ExtraordinaryAttorneyWoo,'andin2024,shereleased'ReverberationNo.16,'asongdedicatedtothelateworld-renownedmusicianRyuichiSakamoto,whichpresentedhertranquilandgreatreverberatingpianoperformance.CellistHongJin-hograduatedfromCollegeofMusic,SeoulNationalUniversityandgraduatedfromtheW?rzburgNationalUniversityofGermanywithamasterofmusicandKonzertexamendegreewithsummacumlaude.Sincethen,hehaswonawardsinvariousinternationalcompetitions,andhasworkedwithmanyorchestrasathomeandabroad,makinghisnameknowntothepublic.In2019,heplayedasamemberofthefirst-everwinningteam'Hoppipolla'oftheJTBCauditionprogram'Superband,'expandinghismusicalbasetoothergenresthanclassicalmusic.Followingwinningin'Superband',hehasappearedinnumerousbroadcastingprogramssuchasJTBC's'BeginAgain'andKBS's'OpenConcert'andfestivalsofvariousgenressuchas'SeoulJazzFestival'and'AwesomeMusicFestival,'showinghisowncolorfulrepertoire.Thisyear,hehasreleasedanalbumtitled'DearForest'composedofhisownsongs,whichshowcaseadeepermusicworld.",,,91.0,"{SEAT_PRICE=110,000 won, PERFORM_IDX=35868, SEAT_RATING=R}"
20241231,20241231,35802,클래식,2024 아듀 콘서트 with 포어스트만 콰르텟 × 다니엘 린데만,세종체임버홀,80.0,15.0,7세 이상,영음예술기획,02-581-5404,,,,,91.0,"{SEAT_PRICE=50,000원, PERFORM_IDX=35802, SEAT_RATING=전석}"
20241231,20241231,35839,클래식,2024 Adieu Concert,세종체임버홀,80.0,15.0,7,,02-581-5404,,P.I.Tchaikovsky:AndanteCantabile차이코프스키:안단테칸타빌레A.Piazzolla:TheFourSeasonsofBuenosAiresforStringQuartet(Arr.WernerThomas-Mifune)피아졸라:현악사중주를위한부에노스아이레스의사계PrimaveraPorte?a(Spring)봄VeranoPorte?o(Summer)여름Oto?oPorte?o(Autumn)가을InviernoPorte?o(Winter)겨울,,,91.0,"{SEAT_PRICE=50,000 won, PERFORM_IDX=35839, SEAT_RATING=All seats}"
20241230,20241230,35852,클래식,제3회 앙상블 유포리아 정기연주회,세종체임버홀,100.0,15.0,7세 이상,위드클래식,02-588-6360,,,,,91.0,"{SEAT_PRICE=20,000원, PERFORM_IDX=35852, SEAT_RATING=전석}"
20241229,20241229,35781,클래식,〈모두의 클래식〉,꿈의숲 콘서트홀,80.0,,5세 이상,프렌즈오브뮤직,02-593-6560,,,,,91.0,"{SEAT_PRICE=20,000원, PERFORM_IDX=35781, SEAT_RATING=전석}"
20241228,20241229,35803,대중음악,전진희 단독 콘서트 피아노와 목소리 - farewell,세종S씨어터,120.0,,8세 이상,(주)프라이빗커브,02-563-7110,,"의 OST인 ‘보통의 하루’ 속 피아노 연주로 작품의 쓸쓸함을 더욱 고조시키며 드라마 팬들에게 극찬을 받았다. 이후 2019년 정규 2집 ‘우리의 사랑은 여름이었지’를 발매하며 이아립, 강아솔 등 다양한 뮤지션과 협업하였고 국내 인디 리스너들에게 큰 사랑을 받았다. 전진희는 가끔은 피아노로만, 가끔은 목소리와 함께 서정적인 울림을 전한다. 특히, 2021년 1월 발매한 ‘브리딩(Breathing)’은 오로지 피아노 연주로만 채운 앨범으로 전진희가 가진 감성을 깊이 보여주었다. 이 외에도 그는 웨이브 투 어스(wave to earth), 이영훈, 곽진언 등 국내 다양한 장르의 아티스트와 협업하며 그가 가진 담담한 목소리를 더욱 풍성하게 표현했다. 2020년에는 MBC 다큐멘터리 의 음악감독으로 참여하며 앨범 발매 외에도 다양한 음악 활동을 보여주었으며, 지난 7월에는 데뷔 10주년 기념 단독 콘서트를 노들섬 라이브하우스에서 진행하여 전진희만의 폭넓은 음악 세계를 선보였다. 이번 연말 단독 콘서트 ‘피아노와 목소리 ? farewell’에서는 스트링 퀄텟, 기타와 함께 전진희의 음악을 더욱 풍성하게 보여줄 예정이다.' border='0' style='border: 0px solid;'>",,,91.0,"{SEAT_PRICE=88,000원, PERFORM_IDX=35803, SEAT_RATING=R석}"
20241228,20241228,35882,클래식,앙상블 피오레 제3회 정기연주회,꿈의숲 콘서트홀,70.0,15.0,7세 이상,브레멘예술기획,02-875-8224,,"A.ArenskySuiteNo.1Op.15forTwopianosI.RomanceII.WaltzR.R.BennettFourPieceSuiteforTwopianosI.SambaTristeⅢ.RagtimeWaltzⅣ.Finaie:TempodihardrockP.I.TchaikovskyNutcrackerSuiteforTwopianosII.MarcheVII.DansedesMirilitonsVIII.WaltzoftheFlowersD.ShostakovichConcertinoforTwopianos,op.94IntermissionW.LutoslawskipaganinivariationsforTwopianosC.Saint-SaensIntrouductionandRondoCapricciosoOp.28forTwopianosArr.G.AndersonThreeWaltzesMadefromDisneyFilmsforTwoPianosI.‘ChimChimCher-ee’fromMaryPoppinsII.‘SomedayMyPrinceWillCome’Ⅲ.‘Gas","pf.이지은-가톨릭대학교음악과(피아노전공)졸업- 가톨릭대학교2015,2016추계연주회연주-가톨릭라우데스합창단반주자- 정릉동성당교중미사성가대'한울림',삼성산성당청년성가대'샘물소리'반주자-피아노플레이스안양점클래식피아노강사현)고척동성당토요미사성가대‘알투스’,수서동성당청년성가대‘셀라’반주자pf.이선영-고양예술고등학교음악과졸업-청주대학교사범대학음악교육과졸업-김포필하모닉오케스트라초청음악회-CumberlandNorthAcademyInternTeacher역임-AmherstRegionalHighSchoolInternTeacher역임-충북음악협회후원‘제14회신년음악회’연주-2023KGMA특별기획연주-중등학교음악정교사(2급)-수영초등학교강사역임현)ELP어학원교수부장pf.최현경-대진대학교음악학부피아노전공-아카데미아피아노전문지도사-알프레드프리미어피아노코스지도사현)투티스튜디오대표현)뮤직멘토대표Pf.최민정-대진대학교음악학부피아노과졸업-예술융합교육전문지도사- MUSICASONOREProf.김숙masterclass수료-세라픽클래식,무지카소노르등다수연주현)무지카소노르단원,앙상블피오레대표현)라별음악교습소운영Pf.조여준-삼육대학교피아노전공졸업-음악교육심리소통전문자격증-어드벤처프리미엄교사-뮤직로스팅연주-제이피아노교습소운영pf.김혜수-서울신학대학교교회음악과피아노졸업-서울신학대학교일반대학원교회음악학과피아노졸업현)인천남촌교회반주자Pf.홍다경-강남대학교음악학과졸업-AccademiaInternazionaledell’OperaLirica“G.verdi”DIPLOMA-2023ExpertprograminOperaCoaching수료-LaBoh?me세종M씨어터연주-CavalleriaRusticana세종M씨어터연주-창작뮤지컬‘동심’연주-오페라DieZauberfl?te,LaTraviata,L’Elisird’amore,Cosifantutte,Rigoletto,Carmen,LaBoh?me다수오페라반주및오페라코치현)서울YMCA고양국제어린이합창단반주자pf.이성경-고양예술고등학교음악과졸업-서울신학대학교교회음악과피아노전공졸업-고향예술고등학교동문연주회현)서울신학대학교교회음악과석사재학중",,91.0,"{SEAT_PRICE=20,000원, PERFORM_IDX=35882, SEAT_RATING=전석}"
20241228,20241229,35869,대중음악,Jeon Jin-hee Solo Concert ? Piano and Voice - farewell,세종S씨어터,120.0,,8,PRIVATE CURVE,02-563-7110,,"JeonJin-hee,whomadeherfirstsolodebutwithhersinglealbumSeulSeul(Solitary)in2014,isasingersongwriterwhoplayspianoaswellassongwritingandcomposingandvocals.In2017,shereleasedherfirstregularsoloalbumtitledPianoandVoicerevealingherpersonalitywithheruniquetone.In2018,shewonravereviewsfromdramafansforherpianoperformanceof'AnOrdinaryDay,'theOSToftvN'sdramatitledMyMister,toheightenthelonelinessofthatdrama.Later,shereleasedhersecondregularalbumtitledOurLoveWasSummerin2019,incollaborationwithvariousmusicianssuchasLeeAh-ribandKangA-sol,andwasgreatlylovedbylistenersofindiemusicinKorea.JeonJin-heeconveysalyricalresonancewiththepianoalone,orsometimeswithhervoicealone.Inparticular,Breathing,releasedinJanuary2021,isanalbumfilledonlywithpianoperformances,showcasingherdeepsensibility.",,,91.0,"{SEAT_PRICE=88,000 won, PERFORM_IDX=35869, SEAT_RATING=R}"
20241228,20241228,35881,클래식,제7회 여로 창작 가곡의 밤,세종체임버홀,100.0,10.0,7세 이상,현대음악 창작단체 여로,070-8065-3846,"현대음악창작단체YEORO(여로)는서양고전음악이주를이루는한국음악시장에서창작곡에대한대중적관심을불러일으키고젊은음악인들이커뮤니티를형성해연주할수있는장을만들기위해지난2015년부터창단됐으며,우리나라젊은작곡가들의개성적인창작곡을발굴해그들간의커뮤니티를형성하는역할을해오고있습니다.이번연주회&lt;제7회여로창작가곡의밤&gt;에서는현재를살아가는젊은작곡가12인이최근작곡한창작가곡으로연주회를구성해한국창작가곡의미래를엿볼수있고,청춘과열정이묻어있는젊은작곡가들의이야기를들을수있는무대가될예정입니다.",강성빈-잠식김조신-너를기다리는동안김하은-능금김현민-눈쌓인밤/꿈길민동혁-시월의꽃서동주-하늘석민지-기억의체증엄찬우-IWEDATOYBRIDE윤요하네스-해정제호-늦은봄이질때조우인-Lespas(발걸음)황선우-다시겨울아침에,,,91.0,"{SEAT_PRICE=20,000원, PERFORM_IDX=35881, SEAT_RATING=전석}"
20241227,20241227,35735,클래식,박진영 바이올린 독주회,세종체임버홀,90.0,15.0,7세 이상,지클레프,02-515-5123,,"ProgramC. Debussy (1862-1918)Sonata for Violin and Piano in G minor L.140I. Allegro vivoII. Interm?de: fantasque et l?gerIII. Finale: tr?s anim?M. Ravel (1875-1937)Piano Trio in A minorI. Mod?r?II. Pantoum: Assez vifIII. Passacaille: Tr?s largeIV. Final: Anim?트리오 라피네(Cello 윤석우, Piano 박효민)IntermissionA. Piazzolla (1921-1992)Histoire du Tango I. Bordel, 1900II. Caf?, 1930III. Nightclub, 1960IV. Concert d’aujourd’huiP. de Sarasate (1844-1908)Carmen Fantasy for Violin and Piano, Op. 25I. Introduction: Allegro moderato II. Moderato III. Lento assai IV. Allegro moderato V. Moderato","ProfileViolinist 박진영하나의 활마다 의미 있는 언어적 표현력과 연주자로서 대담한 표현력으로 심사위원의 극찬을 받은 바이올리니스트 박진영은 예원학교와 한국예술종합학교 영재원 재학 중 도불하여 프랑스 파리시립음악원(CRR de Paris)에서 최고연주자과정을 심사위원 만장일치로 수석 졸업하였다. 이후, 파리국립고등음악원(CNSMDP)에서 학사 및 석사를 졸업하였으며, 서울대학교 음악대학에서 2022년 8월 헨리크 비에니아프스키의 &lt;구노의 파우스트 주제에 의한 판타지 브릴란테 Op. 20&gt;의 분석 및 연주 해석적 고찰이란 논문 주제로 박사학위를 취득하였다. 일찍이 음악평론가 협회 콩쿨, 음악저널 콩쿨, 고양시 협회 콩쿨 등 다수 국내 콩쿠르에서 1등을 수상하였으며, 생상스 국제 콩쿠르에서 대상, 그리고 바하 국제 콩쿠르 1등, Classical Music Stars 국제 콩쿠르에서 1등과 특별상, 베를리오즈 국제 콩쿠르에서 1등과 테크닉 최고 연주자 상을 받았다. 또한 금호 영 아티스트로 선정된 박진영은 독일 Kloster Sch?ntal, 프랑스 Bordeaux, Colmar에서 초청 연주회를 가졌으며 Paris-Cit? Internationale des Arts, C?cile 음악협회, 파리 시청 초청 독주회를 가졌으며, 제29회 음악저널 신인음악상, 롯데 문화재단 신진 아티스트로 선정되어 롯데콘서트홀에서 단독 리사이틀을 통해 솔리스트로서의 자질을 발휘하였다. 그녀는 서울대학교 박사과정 중 뛰어난 실기 실력으로 WIN 장학금을 수여 받았으며 서울 심포니 오케스트라와 협연을 시작으로 고양 필하모닉 오케스트라와 '청소년을 위한 음악회‘, 펠리체 챔버 오케스트라와 ’문화가 있는 날‘, 익산 예술의전당과 함께하는 음악회, 세종 아르스 오케스트라와 '신년 희망 나눔 음악회’를 위해 협연하였다.솔리스트로서 뿐만 아니라 챔버 뮤지션으로서의 역량 역시 높게 평가받고 있는 그녀는 이자이 콰르텟의 멤버인 바이올리니스트 Guillaume Sutre, 첼리스트 Marc Coppey, 피아니스트 Itamar Golan에게 실내악 사사를 받아 국내외 저명한 연주와 페스티벌에 참가하였다. 스위스 베르비에 페스티벌(Verbier Festival) 오케스트라 오디션에 선발되어 2014년 부악장, 수석 단원으로 연주하였고, 2015년에도 초청받아 뛰어난 기량을 선보였으며 정명훈의 원코리아 오케스트라, 금호 아시아나 솔로이스츠, 더 하우스 콘서트, 대전 국제 음악제, 창원 국제 실내악 축제, 여수 예울마루 실내악 축제 등 여러무대를 가졌다. 또한 아르티제 오케스트라, 말러리안 오케스트라, 소리얼 필하모닉 오케스트라, 용인 문화재단 소속 웨스턴 심포니 오케스트라, 국립 국악 관현악단 등 객원 악장 활동을 통해 음악적 입지를 다져나가고 있다.이경선, 김복수, Boris Garitsky, Alexis Galperine에게 사사한 바이올리니스트 박진영은 현재트리오 라피네, 서울 비르투오지 챔버 오케스트라 단원으로 활동 중이며 후학 양성을 위해계원예술중학교 강사를 역임하였고, 현재 예원학교, 고양예술고등학교, 서울예술고등학교, 중부대학교 객원 교수로 출강 중이다. 장일범의 K-Classic World, 클래식 전문채널 ORFEO TV에 소개된 그녀는 앞으로 다양한 레파토리로 청중과의 음악적 소통을 계속해서 전개해 나갈 예정이다.Pianist 강자연- 예원학교, 서울예고, 서울대 음악대학 졸업- 미국 피바디 음대 석사, 영국 길드홀 음악원 석사 및 박사- 영국 바비칸 센터, St. Luke LSO, 위그모어 홀 연주- 영국 City of London Festival, Oxford Lieder Festival, International Musicians Seminar in Prucia Cove에서 초청 연주, 프랑스 니스 국제 음악축제 반주자 역임- 길드홀 음악대학 강사 및 영국 National Opera Studio repetituer 역임- 2023 서울국제콩쿠르 공식반주자- 현재 : 숙명여자대학교 초빙교수, 서울대학교 출강트리오 라피네Cellist 윤석우- 프랑스 리옹국립고등음악원(CNSM de Lyon) 학사 및 석사 졸업, 프랑스 불로뉴 시립음악원(CRR de Boulogne) 실내악 석사과정, 최고 연주자 과정 졸업, 프랑스 파리 국립고등음악원(CNSM de Paris) 실내악 수료- 프랑스 Vatelot-Rampal 콩쿨1위, 프랑스 Epernay 콩쿨 1위, 포르투칼 CIMCA 실내악 콩쿨 2위- 프랑스 Quatuor Debussy 멤버 활동, 프랑스 리옹국립오페라단 객원 부수석 역임, 성남시향, 광명심포니, 디토오케스트라 객원수석 역임, 한경필하모닉 수석역임- 광명심포니, 군포프라임필 등 다수 오케스트라 협연- 현재 : 군포 프라임필하모닉 오케스트라 수석, 현대음악앙상블 위로, 트리오 라피네, 프라이머스 앙상블 멤버Pianist 박효민- 예원학교 졸업, 서울예고 재학 중 도독, 베를린국립음대(UDK) 학사 및 석사 졸업, 서울대학교 기악과 석사 졸업- 한국일보, 서울음악콩쿠르, 서울심포니콩쿠르 등 국내 다수 콩쿠르 입상, International Piano Competition in Enschede Special Prize- 독일, 프랑스대사관 초청 연주, 독일 베를린 악기 박물관 초청 독주회, 세종체임버홀 독주회- 하나음악재단 주최 독주회 및 실내악 등 국내외 전문 반주자- 인천예고 강사 역임- 현재 : 서울대학교 실기전담 반주강사, 트리오 라피네 멤버",,91.0,"{SEAT_PRICE=30,000원, PERFORM_IDX=35735, SEAT_RATING=전석}"
20241227,20241227,35820,대중음악,김푸름 단독 콘서트 푸르스름한 언플러그드 BLUISH Unplugged,세종S씨어터,90.0,,8세 이상,(주)프라이빗커브,02-563-7110,,"글로 표현할 수 없는 메시지까지 숨소리와 여백으로 감정이 되어 닿기를 바랬습니다. 낭랑(朗朗) 18세, 그 작은 청춘이 느끼는 세상의 소소한 얘기들.... 어쩌면 모두가 통과했던 유독 아팠고 공감됐을 노래들이지 않을까. 밤과 아침 사이 어디쯤, 새벽녘 같은 푸른색 언저리에서 경계가 모호하고 가끔 모순되기도 한 푸르스름한 색의 노래에 많은 분들이 쉬어 가실 수 있다면 좋겠습니다. '불완전함'이 주는 '생동감'을 2024년의 마지막에서 여러분들과 함께하고 싶습니다. 2006년생의 김푸름은 열여덟의 어린 나이이지만 출중한 기타 실력과 중저음의 음색으로 떠오르고 있는 신예 싱어송라이터다. 그는 2016년 영화 에 출연하며 배우로서 먼저 활동을 시작했으며 열여섯이던 2022년 EP [16]을 발매하며 싱어송라이터로서의 새로운 발걸음을 내디뎠다. 그는 해당 앨범을 통해 중학생이 느낀 순수한 감정을 다양한 방식으로 표현하였다. 김푸름은 같은 해 채널 A 오디션 프로그램 에 출연해 준우승을 차지함으로써 ‘천재 싱어송라이터’라는 수식어를 얻었으며, 2023년에는 두 번째 EP [TEENS]를 통해 한층 성숙해진 음악을 보여주었다. 지난 11월에는 첫 번째 정규 앨범 [‘푸르스름’ 언플러그드]의 선공개 음원을 공개해 20대를 앞둔 사회 초년생의 혼란스러운 마음을 솔직하게 표현했다. 해당 정규 앨범은 올해 12월 정식 발매를 앞두고 있어, 이번 단독 콘서트에서도 이 앨범의 수록곡들을 다채롭게 선보일 예정이다. 김푸름은 작년 8월 밴드 잔나비의 최정훈이 진행한 KBS 2TV 뮤직 토크쇼 ‘더 시즌즈-최정훈의 밤의 공원’에 최연소 게스트로 출연하며, 어린 나이임에도 깊은 표현력을 가졌다는 평을 받았다. 이 외에도 JTBC 드라마 OST ‘네버 렛 고(Never Let Go)’, JTBC 드라마 OST ‘링 마이 하트(Ring My Heart)’ 등 각종 OST에 참여했으며, 지난 8월에는 판다 푸바오의 이야기를 그린 영화 에 산울림의 ‘안녕’ 리메이크 및 자작곡으로 타이틀 ‘어른이 되긴 싫어’를 올렸다. 10대라고는 믿기 힘든 섬세한 표현력을 가진 김푸름은, 자신을 환절기 같은 시기를 열심히 헤쳐나가고 있는 모호한 경계에 있는 ‘푸르스름한 색’의 싱어송라이터 라고 소개한다. 김푸름은 이번 연말 콘서트에서 10명에 달하는 어쿠스틱 풀 밴드셋으로 선보인다고 밝혔다. 이번 공연이 성인이 되기 전 마지막 콘서트인 만큼, 김푸름이 그동안 표현해 온 10대의 감정을 음악으로써 솔직하게 풀어낼 예정이다.' border='0' style='border: 0px solid; width: 950px; height: 1424px;'>",,,91.0,"{SEAT_PRICE=77,000원, PERFORM_IDX=35820, SEAT_RATING=R석}"
20241227,20241227,35838,클래식,Park Jin-Young Violin Recital,세종체임버홀,90.0,15.0,7,G Clef,02-515-5123,,"ProgramC. Debussy (1862-1918)Sonata for Violin and Piano in G minor L.140I. Allegro vivoII. Interm?de: fantasque et l?gerIII. Finale: tr?s anim?M. Ravel (1875-1937)Piano Trio in A minorI. Mod?r?II. Pantoum: Assez vifIII. Passacaille: Tr?s largeIV. Final: Anim?트리오 라피네(Cello 윤석우, Piano 박효민)IntermissionA. Piazzolla (1921-1992)Histoire du TangoI. Bordel, 1900II. Caf?, 1930III. Nightclub, 1960IV. Concert d’aujourd’huiP. de Sarasate (1844-1908)Carmen Fantasy for Violin and Piano, Op. 25I. Introduction: Allegro moderatoII. ModeratoIII. Lento assaiIV. Allegro moderatoV. Moderato",,,91.0,"{SEAT_PRICE=30,000 won, PERFORM_IDX=35838, SEAT_RATING=All seats}"
20241226,20241226,35845,클래식,김지수 귀국 피아노 독주회,세종체임버홀,90.0,15.0,7세 이상,이든예술기획(주),02-6412-3053,,,,,91.0,"{SEAT_PRICE=30,000원, PERFORM_IDX=35845, SEAT_RATING=전석}"
20241226,20241226,35821,대중음악,민수 연말 콘서트: What a 29!,세종S씨어터,90.0,,8세 이상,(주)프라이빗커브,02-563-7110,,"프로모션 비디오의 OST ‘홈메이트(Homemate)’, JTBC 드라마 OST ‘플로럴 피치(Floral Peach)’ 등 다양한 콘텐츠의 OST를 작업하며 작품 속 감정을 폭넓게 표현하였다. 장난꾸러기 같은 매력으로 자신만의 음악 세계를 구축하고 있는 민수는 팬들 사이에서 ‘댄스 가수 민수’라는 별명으로 불리고 있다. 중독성 있는 음악과 통통 튀는 목소리로 듣는 사람으로 하여금 춤을 추게 만든다는 뜻이다. 민수의 음악은 주로 사랑이라는 소재를 담고 있지만, 곡마다 표현하는 사랑의 형태가 다양하다. 이번 민수의 연말 단독 콘서트는 그가 말하는 사랑을 더욱 따뜻하게 보여줄 것이다.' border='0' style='width: 950px; height: 1207px; border: 0px solid;'>",,,91.0,"{SEAT_PRICE=77,000원, PERFORM_IDX=35821, SEAT_RATING=R석}"
20241225,20241225,35665,공연기타,2024 론 브랜튼의 재즈 크리스마스!,세종체임버홀,90.0,0.0,7세 이상,뮤지컬파크,02-888-0650,,,,,91.0,"{SEAT_PRICE=67,000원, PERFORM_IDX=35665, SEAT_RATING=R석}, {SEAT_PRICE=57,000원, PERFORM_IDX=35665, SEAT_RATING=S석}, {SEAT_PRICE=47,000원, PERFORM_IDX=35665, SEAT_RATING=A석}"
20241225,20241225,35763,공연기타,Christmas Masterpiece Performance showcases Carols & Jazz Ronn Branton’s Jazz Christmas,세종체임버홀,90.0,,7,,02-888-0650,,"AdozendramaticpiecescomposedofChristmasCarols!Reinterpretationandjamsession,oneofthekeyvaluesofjazz,areadoptedtoChristmascarolstopresentbothfamiliarityandfreshness!OnceyoustartlisteningtoRonnBranton'sperformance,youarefullyengrossedinitwithoutmovinganinchuntilhismusicalstructurecomestoanend,itisreallyamagic!TheChristmasmasterpieceperformancethatsetstherecordforthelongestsingle-brandperformanceof23years!&lt;JazzChristmas!&gt;waskickedoffin2001byAmericanjazzpianistRonnBranton,whodesirestoconveyChristmascheerenjoyedbyAmericanmetropolitanintellectualstoKoreanaudiences,alongwithhisperformancetomakemoredelightfulChristmasseason.Itsetstherecordforthelongestperformanceof23yearsunderasinglebrand.JazzGrooveofMetropolitanIntellectualsispresentedinthisChristmasSeason!WhenRonnBrantonwasforcedtospendChristmasinKoreaduetohispersonalreasons,hedevisedtheperformanceforforeignerslivinginKoreawhowereinasimilarsituationtohim,andforintellectualsinlargecitieswhowantedtoenjoytheAmericanfestivespiritinChristmas.Theperformance,composedofajazzarrangementofChristmascarolsenjoyedbypeoplearoundtheworld,ChristmasseasonsongsthatAmericansgrewuplisteningto,andKoreanwintersongsthatKoreanswouldhavegrownuplisteningto,hasbeenconsistentlylovedbytheaudience,withall-seatssoldouteveryyear.Anewfangledarrangementwithasenseofrhythmandspace!Everyyear,startingwithalivelyandcheerfulplayingof'JingleBells'andendingwith'SilentNight,HolyNight,'theperformancehasreceivedgreatcheersfromtheaudienceforitsdelicateandpoeticarrangementsofKoreanchildren'ssongs,rangingfrompopularsongssuchas'OTannenbaum,''SantaClausIsComingtoTown,''WhiteChristmas,'and'Skating'fromtheanimatedfilm'Peanuts',toKoreanchildren'ssongssuchas“ShoesFootprints”.Itisfuntolistentoalittle-knowncarolthatRonBrantondiscoversandarrangesasinglesongeveryyear.Thisyear,inparticular,itisreallygrippingtolistentothesongthatRonnBrantondiscoversandnewlyarrangesalittle-knowncarolsong.Thisyear,RonnBrantonwillpresenthisrecentlycomposedsong,“OhASnowyDay”,and'Oh,HolyNight!'whichgreatlyreceivedbytheaudiencelastyearwillmakeagrandfinale.SophisticatedSoundfromtheWorld-ClassMusicians!Therearesomechangesinthecompositionoftheperformersforthisperformance.ManuelWeyand,SeanPentland,andMartinJacobson,whohavesteadilyteameduptogether,playadrum,bass,andsaxophonerespectivelyfortheGwangjuperformance,andManuelWeyand,LimKyung-jin,andSongHa-chulwillplaythedrum,bass,andsaxophonerespectivelyfortheperformanceattheSejongCenterChamberHall.ThemarvelouscombinationofSongHa-chul,ageniussaxophonistwithpowerfulrhythmsections,MartinJacobson,aDanishsaxophonistwhoplaysaverylyricalmelody,andLeeJu-mi,apassionatejazzvocalistwhooverwhelmstheaudiencewithherendlesshigh-pitchnotes,willinfatuatetheaudiencewiththeircaptivatingandengrossingperformance.Theperformersinthisshowarealltop-notchmusiciansintheworld;theGerman-bornManuelWeyand,famousforhisworld-classartistry,earnedamaster'sdegreefromtheManhattanSchoolofMusic,studiedattheNewEnglandConservatory,receivedamaster'sdegreefromtheBerkeleySchoolofMusic;SeanPentlandwhoreceivedamaster'sdegreefromjazzmasterssuchasDaveHolland,CecilMcBee,JohnLockwood,andGeorgeGarzone;bassistLimKyung-jin,whohaslongkeptintunewithRonnBrantonJazzGroup;aso-calledgeniussaxophonistatenteringKyungHeeUniversity'spostmodernmusicdepartmentasa15-yearoldboy;MartinJacobson,atop-tiersaxophonistactiveinEurope,andLeeJu-mi,whowasrecognizedforherworld-classprowesswhenshewonthefirstplaceattheJarasumInternationalJazzCompetitionin2011.Theyteamuptopresenthigh-quality,sophisticatedmusicwithRonnBrantonwhofocusesonsuperiorlyricism.'JazzChristmas!'hadunfurledwithoutvocals,butwestartedtoinviteguestvocalstotheshowsince2018.Thisyear,LeeJu-mi,afascinatingjazzvocalistinherprime,willshowoffherbestskillsasavocalist.Averypoeticpianist!Delicateandlyrical,plainandsophisticated!Famousasa'verypoeticpianist,'RonnBranton'sperformancepresentscharmsofhisintellectualplayandcleantouch.Hisperformancecanbeplainandsometimesfeltchilly,asisthecasewithmusicianswhoarepickyaboutnotes.However,thepowertobuildupmusicalenergy,asifstackingapyramid,putstheaudienceintothetrance,engrossedinthemusicwithoutmovinganinch.MusiccriticKimJin-mookadvises,'KeepinmindthatRonnBrantonisasuperbmusician.Hisartistryisnotjustconfinedtojazz.'Theremarkfocusesonhis'frank,sincere,andwarmcharacter.“RonnBrantonmadehimselfknowntotheK-popfansbyappearinginSuzyandBaekhyun'smusicvideoDreamin2016,andin2019,andhegotmuchclosertothepublicthroughhiscollaborationwithJKKimDong-wook.Inaddition,hemadehissuddendebutintheShanghaijazzsceneinJuly2019byperformingatJZandHeyday,Shanghai'stopjazzclubs.RunbyoneofthemostinfluentialproducersintheChinesejazzscene,theJZClubisactuallythegatewaytoenteringtheShanghaijazzsceneasastagethatfamousjazzmusiciansaroundtheworldwanttostandon.Itwillconveybothfamiliarityandfreshness!&lt;JazzChristmas!&gt;presentsbothfamiliarityandfreshness,byadoptingreinterpretationandjamsession,oneofthekeyvaluesofjazz,toChristmascarols.OnceyoustartlisteningtoRonnBranton'sperformance,youimmediatelyfallintothemagicalperformanceuntilhismusicalstructurecomestoanend.RonBranton'spersistentandself-effacingtendencynotconsciousoftheaudienceisconsideredthesecrettothesuccessofthisperformance.Pleasejoin&lt;JazzChristmas!&gt;andrelishadozendramaticpiecescreatedbydelicateandsophisticatedpianismofRonnBranton,whoexploresthemeditativeandcontemplativeaspectsdistinctiveasawhitejazzpianist.ItwillsurelyshowyouthemusicalpotentialofRonnBranton,whohascontinuedtorecordasold-outmarcheveryyearwithasingleconceptofChristmascarolsandwintersongs.",,,,"{SEAT_PRICE=67,000 won, PERFORM_IDX=35763, SEAT_RATING=R}, {SEAT_PRICE=57,000 won, PERFORM_IDX=35763, SEAT_RATING=S}, {SEAT_PRICE=47,000 won, PERFORM_IDX=35763, SEAT_RATING=A}"
20241225,20241225,35886,클래식,해금과 오카리나가 함께하는 신나는 동요파티,꿈의숲 콘서트홀,90.0,,4세 이상,초롱초롱동요학교,0507-1310-2257,"2024년,크리스마스에열리는신.나.는.동.요.파.티!초롱초롱동요학교와함께합니다.어린이성악,해금,오카리나와함께펼쳐지는다채로운동요파티한마당!옛동요부터최신창작동요까지함께하는무대!대한민국동요국가대표,초롱초롱동요학교의제7회기획공연에여러분을초대합니다.","[초롱초롱동요학교중창단]우리는초롱초롱동요학교메들리(어린음악대-어린이노래-동요는우리친구)신나는동요파티(한초롱작사작곡)[초롱초롱동요학교유아합창단]예쁜아기곰(조원경작사작곡)[해금과함께동요안혜승]섬집아기(안인현작사이흥렬작곡Feat.이효리)인생의회전목마(하울의움직이는성OST)[초롱초롱동요학교중창단]비야내려라(한초롱작사작곡)장서는날(한초롱작사윤학준작곡)[오카리나와함께동요윤제민]고향의봄(이원수작사홍난파작곡Feat.문채원)Myheartwillgoon(타이타닉OST)[초롱초롱동요학교초등합창단]약속(한초롱작사유경수작곡)평화통일아리랑(조원경작사작곡)[해금과함께동요송시원]빈둥지(선용작사한초롱작곡Feat.김리아)해금창작곡적렴(김영재곡)[초롱초롱동요학교중창단]문어의꿈(안예은곡)우리라는말속에는(최숙영작사한초롱작곡)[초롱초롱동요학교유아합창단]아침안개(한초롱작사작곡)고양이탐정(한초롱작사작곡)[다함께동요]반달(윤극영작사작곡)어린이를위한‘AllIwantforChristmasisyou’(원곡머라이어캐리,개사한초롱)어린이를위한‘APT.’(원곡로제&amp;브루노마스,개사한초롱)","■초롱초롱동요학교-창작동요대회대상5관왕:경남MBC고향의봄창작동요제대상,창작바다동요대회금상(1위-해양수산부장관상),제5회노을동요제대상,전국'효'창작동요제대상,제14회금산인삼전국창작동요대회대상수상(문화체육관광부장관상)-가창대회수상:제2회알콩달콩뮤지컬대회’토끼의재판‘최우수상수상,강북문화원국악동요제대상수상,파랑새동요제금상-방송:평창동계올림픽개막식생방송,KBS누가누가잘하나초청출연등■사회한초롱-초롱초롱동요학교대표및지휘자-경기도교육청소속교사-경인교육대학교음악교육과박사수료-경기도초등음악교육연구회회장-창작동요작사작곡가(동요스타어린이창작동요저자)-경인교대음악실기지도법강사역임-2015개정초등학교5-6학년음악교과용도서검정위원회연구위원역임■해금안혜승-국립국악중고등학교졸업-이화여자대학교음악학부및동대학원석사졸업(한국음악해금전공)-국립국악원창작악단및경기도립국악단협연-개인독주회2회-서울중암중학교음악교사■해금송시원-국립국악중?고등학교졸업-2018~2020한국예술영재교육원-2019한국예술영재교육원원장상수상-2021해금앙상블오디션프로젝트FUN최종3위(화이트팀)-2022K-artsaudition전통예술원부문1위(TeamP.S.자작곡‘심해’)수상-2021~2024한국예술종합학교전통예술원재학중■오카리나윤제민-작곡가,오카리나/북미원주민피리연주자-북미원주민피리음반:그늘아래머문바람-노래음반:너에게,기억하고있나요-오카리나음반:울어도좋습니까?[화양연화],힐링오카리나세계의노래1집-현)도토리뮤직,아트리나대표",,91.0,"{SEAT_PRICE=30,000원, PERFORM_IDX=35886, SEAT_RATING=전석}"
20241224,20241224,35790,클래식,2024 크리스마스 이브 콘서트,세종체임버홀,80.0,,7세 이상,영음예술기획,02-581-5404,,,,,91.0,"{SEAT_PRICE=50,000원, PERFORM_IDX=35790, SEAT_RATING=R석}, {SEAT_PRICE=40,000원, PERFORM_IDX=35790, SEAT_RATING=S석}"
20241224,20241225,35778,공연기타,고상지 단독 콘서트 Christmas in Another World,세종S씨어터,120.0,,8세 이상,(주)프라이빗커브,02-563-7110,,,,,91.0,"{SEAT_PRICE=77,000원, PERFORM_IDX=35778, SEAT_RATING=R석}"
20241224,20241224,35861,클래식,2024 Christmas Eve Concert,세종체임버홀,80.0,,7,Youngeum,02-581-5404,,"'Let’senjoytheeven2024ChristmasEveConcert'HowaboutjoininganevenlypreparedclassicalmusicconcertonChristmasEve,onlyheldonceayear?Thesedays,we’vegonethroughtoughandchallengingtimes,butwe’vepreparedthisconcertwiththehopethatallthepeoplewillbehappywiththeirlovedonesonChristmas!December24th!YoucanenjoyaChristmasmusicgiftpresentedbythePlusChamberGrouponChristmasEvewithyourlovedones!FromfilmmusictocarolsandtheNutcracker,thechambergroupwillgiveyouadayfullofjoyandromancewiththeirexcitingandenjoyablesongs!ThePLUSChamberGroupwhichleadstheK-Classictrendthroughconsistentlymakingmarveloussold-outachievementsineveryperformancepresentsaspecialeditionforChristmas!Thechambergroup,armedwithsuperbperformancesandwittycommentary,willsurelyvisityouthisyearagain!PLUS,shortforPerformanceLeadersUnitingSounds,whichpresentsthesupremeensemblewithentertainingcommentaryandbeautifulmusic,isagroupofperformersactiveassoloistsfromallovertheworld,includingtheUnitedStates,Canada,Poland,andKorea.Theytaketheleadinintroducingclassicalmusicineverycornerofthecountryandprovidinghigh-qualityandaccomplishedperformancetomakeauthenticclassicalmusicknowntothepublic,PLUSisreceivingfavorableresponsesandpraiseonmanystagesforitsunique,profoundandwonderfulharmony.",,,91.0,"{SEAT_PRICE=50,000 won, PERFORM_IDX=35861, SEAT_RATING=R}, {SEAT_PRICE=40,000 won, PERFORM_IDX=35861, SEAT_RATING=S}"
20241224,20241225,35870,공연기타,Koh Sang-ji Solo Concert,세종S씨어터,120.0,,7,PRIVATE CURVE,02-399-1000,,"‘2024ChristmasinAnotherWorld’directlyconveyedbyKohSang-jiTenyearshavepassedsincemyfirstalbumwasreleased.Mymusicworldwasfinallytellingastory;aboutawarriorofordinaryabilitywhogoesonanadventure,battlesintheunknown,andexperiencesdefeatandfrustration.Atthisconcert,however,Iwanttocreateaneventthatshinesinthedark.Tango,Latin,Baroqueandanimationmusicaresubtlymixedtobecomeagameworld,andwefeellikebeingaleadingcharacterinthatworld.ItisahappyChristmasgiftfromGoSang-ji,aroundtriptickettotheworld.WewishyouhaveahappyChristmasbyteleportingtothatworldgettingintothemusicplayingintheconcerthall.",,,91.0,"{SEAT_PRICE=77,000 won, PERFORM_IDX=35870, SEAT_RATING=R}"
20241223,20241223,35837,클래식,Han Dong-Yeon Cello Recital in Christmas,세종체임버홀,90.0,15.0,8,G Clef,02-515-5123,,"G.Faur?(1845-1924) -RomanceforVioloncelloandPianoOp.69R.Wagner(1813-1883) -RomanzeforVioloncelloandPianoWWV.94(arr.D.Popper)L.v.Beethoven(1770-1827) -SonataforVioloncelloandPianoNo.4inC-MajorOp.102,No.1F.Chopin(1810-1849) -SonataforVioloncelloandPianog-minorOp.65",,,91.0,"{SEAT_PRICE=30,000 won, PERFORM_IDX=35837, SEAT_RATING=All seats}"
20241223,20241223,35792,클래식,한동연 첼로 독주회,세종체임버홀,90.0,15.0,8세 이상,지클레프,02-515-5123,"한동연 첼로 독주회Han Dong Yeon Cello RecitalRomance II in Christmas2024.12.23(월) 오후 7시 30분 세종문화회관 체임버홀주최 / 지클레프후원 / CJ제일제당, 한세예스24문화재단입장권 / 일반석 3만원(학생 2만원)티켓예매 / 세종티켓, 인터파크티켓공연문의 / 지클레프 02-515-5123","연세대 음대 졸업 및 동 대학원 재학 중 도독 > 독일 칼스루에 국립음대 디플롬(Diplom) 및 콘체르트 엑자멘(Konzertexamen) 취득 > 삼익콩쿨 대상 > 청주 청소년오케스트라, 연세대 심포니 오케스트라, 헝가리 미슈콜츠 심포니 오케스트라, 밀레니엄 심포니 오케스트라, 강남 심포니 오케스트라, 충북도립교향악단, 코리아 솔로이츠 오케스트라 협연 > 젊은이의 음악제, 미래악회, 창악회 작곡발표회, 예술의전당 여름실내악축제, 연세 피아노 동문연주회, For the Piano 정기연주회, 첼리스트 정명화 리사이틀 출연 > 클래식 오디세이, 명작스캔들, CBS 라디오, 청주 KBS 라디오, The Concert, KBS 아침마당 출연 > 칼스루에 국립음대, 경희대, 가천대, 숙명여대, 중앙대, 추계예대, 한양대 강사 역임 > 현재 : 연세대, 이화여대, 선화예고, 세종예고, 충북예고 출강' border='0' style='width: 950px; height: 1351px; border: 0px solid;'>",,,91.0,"{SEAT_PRICE=30,000원, PERFORM_IDX=35792, SEAT_RATING=전석}"
20241222,20241222,35827,클래식,도봉청소년오케스트라 2024송년음악회,꿈의숲 콘서트홀,90.0,10.0,2019년 이전 출생자,사단법인 한국청소년문화활동협회,02-3494-2020,"도봉청소년오케스트라가오는2024년12월22일(일)오후7시꿈의숲아트센터콘서트홀에서‘2024송년음악회’를개최합니다.정기연주회,학교순회연주회,한여름밤의MusicFestival,초청?특별연주회,송년음악회등총190여회(2002년창단)의다양한연주회를개최하며청소년음악계를선도해온본청소년오케스트라의이번연주는다양하고친숙한음악들로프로그램을기획하고지역주민,청소년모두와함께하는전석초대(무료)음악회를준비합니다.함께따뜻하고함께어우러지는좋은추억의시간여행을기대하며약90여분간진행될예정입니다.","Program?프란츠요제프하이든_교향곡제100번G장조“군대”FranzJosephHaydn_SymphonyNo.100Gmajor,“Military”:Hob.I:100?프리드리히자이츠_바이올린협주곡제4번FriedrichSeitz_ViolinConcertoNo.4inDMajorOp.15?레오폴트모차르트_장난감교향곡J.G.LeopoldMozart_ToySymphony?르로이앤더슨_크리스마스페스티벌LeroyAnderson_AChristmasFestival-Intermission-&lt;찬조출연&gt;누원초푸른꿈합창단(지휘_김양희)?윤학준_겨울나무?김형운_숨바꼭질&lt;도봉청소년오케스트라&gt;?TheExodusSong(영화영광의탈출ost)외다수...",,,91.0,"{SEAT_PRICE=초대, PERFORM_IDX=35827, SEAT_RATING=전석}"
20241221,20241221,35789,클래식,린트리오 기획연주회,세종체임버홀,90.0,10.0,7세 이상,현대문화,02-2266-1307,"MerryChristmas!겨울의아름다움과크리스마스의정수를담은특별한음악회'WinterSerenades'에여러분을초대합니다.린트리오가준비한이번콘서트에서는따뜻함과감성을전하는음악으로여러분을매료시킬것입니다.크리스마스를맞이하여사랑하는가족,연인,또는친구들과함께행복한추억을만들어보세요.함께하는이겨울의밤,세종문화회관체임버홀에서음악과감동의순간을놓치지마세요!","1부프란시스뿔랑-고성으로의초대발데마르폰바우스넌-바이올린,클라리넷,피아노를위한세레나데2부생상스-서주와론도카프리치오소모차르트-클라리넷5중주가장조K.581II.라르게토(편곡)브람스-간주곡가장조,Op.118No.2크라이슬러/라흐마니노프-사랑의슬픔","LINTRIO?Violin박재린?예원,서울예고,연세대음대졸업?독일쾰른국립음대전문연주자과정및석사졸업?성신여자대학교음악대학박사수료?PremioCitta'DiPadova국제콩쿠르및한국일보,한양대,스트라드,성정등1위및입?서울예대외래교수,전북대,목원대,숭실대강사역임?현재상명대,경기예고,인천여중출강,프라임필,고양필오케스트라객원악장,서울네오필,리움챔버오케스트라악장,리벤토현악사중주멤버,로드앙상블리더CLARINET홍성수?한양대학교음대졸업?Ecolenormalemusiquedeparis최고연주자과정졸업,Ecolenationalemusiqued'EvryD.E.M최고점수졸업?Ecolenationalemusiquedecreteil실내악최고연주자과정졸업?Europeanpicardiconcour입상?시흥시교향악단,W필하모니오케스트라,아르누보클라리넷앙상블과협연?현재강원대,강릉원주대,전주대출강,안양윈드오케스트라악장,서울내셔널심포니오케스트라수석,서울모던앙상블,현대음악앙상블'소리'멤버PIANO김아름?선화예고,서울대학교기악과졸업?독일W?rzburg음악대학전문연주자과정및최고연주자과정졸업?독일EssenFolkwang예술대학성악반주과졸업?삼익콩쿠르,전국학생장학콩쿠르,독일WolfgangFischerundMariaFischer-FlachStiftung실내악콩쿠르입상?경희대교육대학원,신한대,안동대강사역임?현재추계예대,총신대,협성대,선화예고출강,앙상블비트윈멤버",,91.0,"{SEAT_PRICE=30,000원, PERFORM_IDX=35789, SEAT_RATING=전석}"
20241221,20241222,35858,연극,제16기 시민연극교실,세종S씨어터,80.0,,6세 이상,세종문화회관,02-399-1000,,,,,91.0,"{SEAT_PRICE=10,000원, PERFORM_IDX=35858, SEAT_RATING=전석}"
20241221,20241221,35809,클래식,제 5회 서울 리조이스 앙상블 정기연주회 [Christmas With Rejoice],꿈의숲 콘서트홀,90.0,10.0,5세 이상,박혜연,02-934-974202-904-2525,,누구나즐길수있는친숙한음악으로클래식을가까이느낄수있도록피아노.바이올린.플룻으로구성된연주로다양한연주형태의피아노앙상블1piano4hands.2piano4hands.2piano8hands와바이올린 &amp; 플룻 &amp; 피아노트리오로친숙한음악들로선곡하여조화와어울림을필수인앙상블형태로무대를꾸미고크리스마스에녹아드는클래식곡들과겨울을따뜻하게만들어줄재즈곡.크리스마스곡의메들리로다양한장르와악기로연주합니다.,회장이난주-숙명여자대학교음악대학피아노과수석입학및수석졸업-미국UniversityofColoradoatBoulder석사및박사학위취득-TheViceChancellor’sCompetition우승콜로라도주MTNACompetition3위-신춘음악회.예술의전당귀국독주회.한국피아노듀오협회정기연주회.아시아그랜드피아노콘서트영산아트홀초청연주회.브라이튼앙상블정기연주회.서울피아스트라정기연주회.클래식앙상블정기연주회.서울리조이스앙상블정기연주회.한국루마니아수교11주년초청연주회.일본KAWAI악기사초청음악회연주-서울신포니에타.세종필하모닉오케스트라.루마니아TransilvaniaStateOrchestra등과협연-숙명여자대학교및대학원.안양대학교.평택대학교.삼육대학교.국립안동대학교및대학원숭의여자대학교.동국대학교음악원.한세대학교평생교육원콘서바토리외래교수역임-현재숙명여자대학교문화예술대학원피아노교수학외래교수서울리조이스앙상블회장.클래식앙상블이사.서울피아스트라이사.브라이튼앙상블단원.한국피아노학회.한국피아노듀오협회정회원단장윤복경-숙명여고재학중캐나다로유학-캐나다UniversityofVictoria음악대학졸업-미국ClevelandInstituteofMusic석사학위취득-예술의전당귀국독주회.금호갤러리금요콘서트.영산아트홀초청연주회부암아트홀등에서다수의독주회및실내악연주회-성음레코드초청연주회.인천피아노협회.경주서라벌신문사.군산YWCA초청연주회서울리조이스앙상블정기연주회.브라이튼앙상블정기연주회.서울피아스트라정기연주회클래식앙상블정기연주회연주.-인천시립교향악단.모스크바국립방송교향악단.헝가리SzegedOrchestra.러시아St.PetersburgOrchestra폴란드WieniawskiOrchestra등과협연-광주대학교.안양대학교.안양과학대학교.삼육대학교.국제예술학교.선화예술중학교외래교수역임-현재서울리조이스앙상블단장.서울피아스트라이사.EncoreTrio단원외)연주자14명,,91.0,"{SEAT_PRICE=무료, PERFORM_IDX=35809, SEAT_RATING=전석}"
20241221,20241221,35243,대중음악,꿈의숲 밴드 콘서트 〈Dream Xmas_프롬올투휴먼 / 오월오일〉,꿈의숲 퍼포먼스홀,100.0,,7세 이상,세종문화티켓,02-399-1000,,"일을 할 때 만났던 장태웅에게 찾아가 자신이 류지호와 함께 만든 음악을 들려주며 같이 음악을 해보자고 이야기하였고, 장태웅이 이 제안을 수락하게 되면서 3인조 밴드가 완성되었다. 2019년 첫 싱글 ‘Run’ 을 발표하며 데뷔하였고 2021년에는 첫 번째 EP ‘삭(SAK)’을 발표, 매력적인 사운드와 청량한 보컬을 선보이면서 리스너들에게 조금씩 이름을 알리기 시작했다. 2022년에는 M net 밴드 서바이벌 프로그램 ‘그레이트 서울 인베이전’에 참가해 최종 4위를 차지하는 성과를 거두었고, 이어 두 번째 EP ‘Nightmare’를 발표하여 화제성을 이어 나갔다. 2023년에는 인디 씬에서 신예 발굴의 등용문이라 불리는 민트페이퍼 컴필레이션 앨범 ‘bright’ #12 시리즈에 참여하였고, 이어 첫 번째 정규앨범 ‘Campo’ 를 발매하며 커리어를 펼쳐가고 있다. ▶ 멤 버 : 류지호(보컬, 기타), 곽지현(신디사이저, 리더), 장태웅(리드 기타)' border='0' style='border: 0px solid;'>",,,91.0,"{SEAT_PRICE=66,000원, PERFORM_IDX=35243, SEAT_RATING=전석}"
20241221,20241221,35862,클래식,Curated Concert of Lin Trio,세종체임버홀,90.0,10.0,6,Hyundai,02-2266-1307,,"Weinviteyoutothespecialconcert'WinterSerenades', whichcontainsthebeautyofwinterandtheethosofChristmas.InthisconcertbyLinTrio,youwillbefascinatedbymusicthatconveyswarmthandemotions.CelebrateChristmaswithyourlovingfamily,lovers,orfriends,makingunforgettable,happymemories.Don'tmisstouchingmomentswithmusicatthiswinternighttogether,atChamberHallofSejongCenterforthePerformingArts.",,,91.0,"{SEAT_PRICE=30,000 won, PERFORM_IDX=35862, SEAT_RATING=All seats}"
20241220,20241220,35836,클래식,Sharing Love 13,세종체임버홀,100.0,15.0,7,,02-525-2761,,,,,91.0,"{SEAT_PRICE=70,000 won, PERFORM_IDX=35836, SEAT_RATING=R}, {SEAT_PRICE=50,000 won, PERFORM_IDX=35836, SEAT_RATING=S}"
20241220,20241220,35782,클래식,하피스트 곽정의 Sharing Love 13,세종체임버홀,100.0,15.0,7세 이상,마에스트로 컴퍼니,02-525-2761,,김현철 크리스마스에는 축복을' border='0' style='border: 0px solid;'>,"의 음악감독으로 활동하고 있다. 하피데이 앙상블 2002년 창단한 하피데이앙상블은 한국을 대표하는 젊은 하피스트들로 구성된 세계적으로 드문 하프 연주 단체이다. 2002년 금호 영아티스트 오디션에서 앙상블 단체로는 유일하게 선정되어 창단 연주회를 개최한 후, 국내외 곳곳에서 활발한 연주활동을 하고 있다. 2016년 4월에는 뉴욕 카네기홀에서 성황리에 리사이틀을 개최하였으며 2017년 11월에는 ITALY &amp; USA주최 ‘ALBA MUSIC FESTIVAL’에 초청되어 성공적인 이탈리아 투어를 마쳤다. 2019년에는 뉴욕 링컨센터를 포함한 미국 4개 도시를 투어를 하였다. 2013년 사단법인 등록 후 하프 교육, 자선공연도 열심히 하며 하프 대중화에 힘쓰고 있는 하피데이앙상블은 초록우산 어린이재단 홍보사절로 활동하고 있다. 하피데이앙상블(음악감독 곽정)은 창단멤버이자 리더인 방민소를 중심으로 멤버 지윤미, 지예송, 전정이, 윤수민 등 국내외 콩쿠르와 오디션 우승 및 연주 등 가장 왕성한 활동을 펼치는 차세대 하피스트들로 구성되어 있다. Recorderist 남형주 남형주는 화려한 리코더 연주로 사람들의 마음을 사로잡고 있는 차세대 리코더 연주자이다. 일찍이 전국리코더콩쿠르에서 전체대상에 오르며 장학금을 수여받았고, 춘천국제리코더콩쿠르 독주 및 앙상블 부문 입상하며 큰 두각을 나타냈으며 이후 다양한 연주활동 통해 경험을 쌓았다. TVN , MBC , KBS 출연으로 화제를 모으며 이름을 알린 그는 경기아트센터 시리즈, , 조수미&amp;이무지치 , 예술의전당 , 경기시나위오케스트라와 성찬경 작곡 협연 등 여러 무대에서 활약하며 리코더 연주자로서의 입지를 굳히고 있다. 최근 동경예술대학 고음악학부 교환과정을 수료, 한국예술종합학교 예술사를 졸업, 리코더 연주자로서 학업을 이어가고 있다. '모두를 위한 리코더 연주자'를 지향하는 남형주는 대중들에게 다채로운 리코더의 매력을 전하기 위해 다양한 분야에서 활약하고 있다.' border='0' style='width: 950px; height: 1584px; border: 0px solid;'>",,91.0,"{SEAT_PRICE=70,000원, PERFORM_IDX=35782, SEAT_RATING=R석}, {SEAT_PRICE=50,000원, PERFORM_IDX=35782, SEAT_RATING=S석}"
20241220,20241220,35829,클래식,명지대학교 피아노전공 제1회 정기연주회,꿈의숲 콘서트홀,140.0,15.0,8세 이상,김희정,010-7584-1615,,"ProgramL.v.Beethoven이진호R.Schumann최연주F.Chopin노유한R.Schumann김민지F.Schumann이승민인터미션15분J.Brahms중no.1~3양가온F.Liszt이주원F.Say이효록F.Chopin황명호L.v.Beethoven박준성L.v.Beethoven이작품은1820년에루트비히판베토벤에의해쓰인피아노소나타로,베토벤피아노소나타의전형으로여겨지고있다.베토벤은바로이전작품인거대한《하머클라비어소나타》이후,보다더작은규모와더친밀한성격으로돌아가고있다.음악적으로이작품은전통적인소나타형식이며,그초점은다양한개별적인방식으로주제를해석하는세번째악장의일련의변주곡이다.R.Schumann20살의젊은나이에사랑과이별을경험한로베르트슈만이상상속벗인아베크를지칭하여쓴작품이다.첫번째주제는이곡의제목인다섯개의음표로(A-B-E-G-G)시작되며이후작품은사랑에빠진청춘의마음을표현하듯로맨틱하고아름답게흘러간다.F.Chopin1841년에작곡된피아노를위한단일악장작품으로,쇼팽이31세였을때작곡되었다.쇼팽의편지에따르면,그는'환상곡'이라는명칭을사용하여규칙에서벗어난자유로움과낭만적인표현을나타내고자했다고알려져있으며독립적인악장의전통을이어가고자하였다.이환상곡은그의가장위대한작품중하나로평가받고있다.R.Schumann로베르트슈만의3개의소나타중1번은그의아내클라라슈만에게남긴아내의대한사랑이돋보이는작품이다.F. Schumann&lt;SymphonicEtude,op.13&gt;슈만의심포닉에튀드는1834년에작곡되어1837년에빈에서출판되었다.이곡은슈만의피아노작품가운데최고의명곡에속할뿐아니라변주곡의역사에있어서도걸작으로꼽힌다.'교향적'이라는표시의의미는독주피아노의한계를깨고서까지오케스트라의다채로운음색과대위법적인화려함과장대함을추구한것과관련이있다고할수있다.J.Brahms중no.1-3이작품은브람스가병상에누운클라라에게힘이되고자헌정한곡이다.6개의소품으로구성된이작품은브람스의생애마지막에작곡하였으며인생의지난날을떠올리며교차하는여러감정들을표현한곡이라할수있다.F.Liszt'WildeJagd'(사냥)은프란츠리스트가피아노연주테크닉을집대성한&lt;초절기교연습곡&gt;12곡중8번으로그의스승인카를체르니에게헌정되었다.당시최고의피아노연주실력을자랑하던리스트의피아노독주곡답게,12곡모두매우높은수준의기교뿐만아니라다양한음악성과표현력을요구하는곡이다.F.SayTroySonata는2018년에발표된피아노소나타[트로이]입니다.호메로스의서사시'일리아스'의배경인트로이전쟁을주제로한작품이다.F.Chopin《환상폴로네이즈》는쇼팽이사망하기3년전에완성한작품으로쇼팽말기의음악적특징들이잘나타나는곡이다.L.v.Beethoven베토벤의&lt;피아노를위한변주곡과푸가E♭장조Op.35&gt;는1802년작곡되었다.같은주제에대한다른변주곡세트가이듬해작곡된그의교향곡3번의피날레로사용되었기때문에일반적으로에로이카변주곡이라고부른다.",-이진호:명지대예술학부피아노전공3학년재학중-이승민:명지대예술학부피아노전공2학년재학중-양가온:명지대예술학부피아노전공1학년재학중-노유한:명지대예술학부피아노전공4학년재학중-김민지:명지대예술학부피아노전공3학년재학중-이주원:명지대예술학부피아노전공1학년재학중-최연주:명지대예술학부피아노전공2학년재학중-황명호:명지대예술학부피아노전공4학년재학중-박준성:명지대예술학부피아노전공2학년재학중-이효록명지대예술학부피아노전공2학년재학중,"명지대학교피아노전공동아리는피아노를매개로음악적교감을나누고,다양한연주활동을통해함께성장하고자노력하고자하는학생들의단체입니다.각자의개성과열정을담아다양한장르와곡을선보이며,음악을통해감동과영감을전하는것을목표로하고있습니다.이번에저희동아리는제1회정기연주회를개최하여그동안의노력을선보이고자합니다.음악을사랑하시는많은분들과함께이특별한순간을나누고자합니다.",91.0,"{SEAT_PRICE=무료, PERFORM_IDX=35829, SEAT_RATING=전석}"
20241219,20241230,34911,클래식,유니버설발레단 〈호두까기인형〉,세종대극장,120.0,20.0,4세 이상,세종문화회관,02-399-1000,,발레역사상 가장 위대한 작곡가 차이콥스키 불멸의 안무가 마리우스 프티파의 시대를 초월하는 클래식 발레 명작! 1986년 초연 후 30년간 이어진 연속 매진의 흥행 신화!' border='0' style='border: 0px solid;'>,,,91.0,"{SEAT_PRICE=130,000원, PERFORM_IDX=34911, SEAT_RATING=VIP석}, {SEAT_PRICE=110,000원, PERFORM_IDX=34911, SEAT_RATING=R석}, {SEAT_PRICE=80,000원, PERFORM_IDX=34911, SEAT_RATING=S석}, {SEAT_PRICE=40,000원, PERFORM_IDX=34911, SEAT_RATING=A석}, {SEAT_PRICE=20,000원, PERFORM_IDX=34911, SEAT_RATING=B석}"
20241219,20241219,35854,클래식,제 32회 아티너스 (Art in Us) 정기연주회,세종체임버홀,95.0,15.0,7세 이상,아티너스,070-4571-4837,"인사말씀2024년을보내면서아티너스가준비한WinterConcert에오신여러분을환영합니다.'우리안의예술'이라는의미의아티너스(ArtinUs)는제자들과함께뜻을모아2009년에시작한단체입니다.벌써15년이라는시간이지나오늘로써제32회정기연주회를맞이하게되었습니다.세월은흐르고우리들의모습은조금씩변해가도음악에대한열정은늘그대로인것같습니다.오늘의프로그램은1Piano4Hands/6Hands그리고2Pianos로연주되는데,독주악기가아닌앙상블악기로서의피아노의변신을즐겁게감상하시기바랍니다.새로운기획을모색하며지속적으로발전하는아티너스가되고자노력하겠습니다.계속되는내년정기연주회에도많은관심과후원을부탁드립니다.다가오는2025년새해에건강과평안함이항상함께하길기원합니다.감사합니다.아티너스음악감독|단국대학교명예교수피아니스트조영방","W.A.MozartSonatainCmajorfor4Hands,KV521I.AllegroII.AndanteIII.Allegretto조윤정조영방C.CzernyBrilliantVariationsforPiano6Hands,Op.295김유리송보경나경운F.SchubertFantasyfor4handsinfminorD.940조영방구민희intermission이주혜ChristmasFantasyfor2Pianos8Hands신지영노재승오상은박수성M.InfanteDansesAndalousesI.RitmoII.SentimientoIII.Gracia(Elvito)권민정정민경G.RossiniOvertureto'WilliamTell'(arrangedfor2Piano8HandsbyF.Wrede)조윤정양시내오상은김유리",,,91.0,"{SEAT_PRICE=20,000원, PERFORM_IDX=35854, SEAT_RATING=전석}"
20241219,20241219,35816,클래식,김지연 피아노 독주회,꿈의숲 콘서트홀,80.0,10.0,7세 이상,톤픽쳐,070-8018-8473,,,,,91.0,"{SEAT_PRICE=10,000원, PERFORM_IDX=35816, SEAT_RATING=전석}"
20241219,20241230,35752,클래식,Universal Ballet 〈Nutcracker〉,세종대극장,120.0,20.0,4,Sejong Center Ticket,02-399-1000,,"Agrandfeastwithmysteriousandfantasticstagesandenchantingdances;withtherealisticbattlebetweentheNutcrackerandtheRatKing,danceofthedazzlingbeautifulwhitesnowflakefairiesinthebeautifulwaltz,folkdancesfromtheworldsuchasRussia,SpainandChinapresentedinthelandofsweets;theClaraandNutcrackerPrince'sGrandPasdeDeuxintunewithTchaikovsky’sscores.It’ssnowingonChristmasEve,andaChristmaspartyisheldatClara'shouse.ThegodfatherDrosselmeyerpresentsClarawithanutcrackerdoll.Onthatnightwheneveryoneisasleep,theRatKingandhisarmypoppedupoutofnowheredestroystheChristmastree,andtheNutcrackeranditssoldiersfightagainstthem.ClarasavestheNutcrackerincrisisandjoinsforcestodefeattheRatKingandhisarmy.ClaraandtheNutcrackerwhobecomeaprince,goonajourneytoamagicallandonasledwithreindeerinblessingsofsnowflakefairies.Inthemagicalland,afestivalisheldforClaraandtheNutcrackerPrince.Therearedistinctivefolkdancesfromallovertheworldthatpersonifydelicaciessuchaschocolateandcandy.Clara,whoturnsintoacandyfairy,presentsthebeautifulGrandPasdeDeuxwiththeNutcrackerPrince.Thenextmorning,Clara,whoreturnsfromanenchantingandfantastictripembracesthenutcrackeratherside,andcelebratesahappyChristmas.Macbeth,whoreturnsfromwinningatthemostfiercebattlefield,isdeeplydisappointedthathewasnotdesignatedasthesuccessortothethronedespitehisgloriouscontributionasthevanguardofthebattlefieldwithoutretreat.McBurney(LadyMacbeth),whohasbeenguardingthebattlefieldwithherhusband,readsMacbeth'sdisappointmentandigniteshishiddendesire.Thetwofinallykillthekingandascendtothethrone,whichtheyhavelongedfor,buttheyfallintoastateofconstantanxietyandnervousnesstokeeptheirbloodstainedpower.Theregicidecommittedtowinthethroneleadstoanotherbrutalmurder,andtheyplungeintothepathofdestruction,andguiltgrowsinsideofthem...Tragedystruckthepeacefuldailylife.Andre,the80-year-oldman,istheprotagonistof'TheFather'.Hismemoriesaregraduallyblurredanddistorted,overwhelmreality,andeventuallyhislifeturnstobetotallymessedup.Andrestrugglestomanagetokeephisdignityasahumanbeingandhisprestigeasafatherunderallsortsofunfavorableconditions,andfromhim,wecangainin-depthinsightsintowhatlosingmemoriesandidentityareallabout.",,,91.0,"{SEAT_PRICE=130,000 won, PERFORM_IDX=35752, SEAT_RATING=VIP}, {SEAT_PRICE=110,000 won, PERFORM_IDX=35752, SEAT_RATING=R}, {SEAT_PRICE=80,000 won, PERFORM_IDX=35752, SEAT_RATING=S}, {SEAT_PRICE=40,000 won, PERFORM_IDX=35752, SEAT_RATING=A}, {SEAT_PRICE=20,000 won, PERFORM_IDX=35752, SEAT_RATING=B}"
20241218,20241218,35835,클래식,"2nd Phrase, all the Periodes",세종체임버홀,90.0,15.0,7,,02-581-5404,,"J.M.Leclair(1697-1764)SonataforTwoViolinsineminor,Op.3No.5Ⅰ.AllegromapocoⅡ.GavottagraciosoAndanteⅢ.PrestoVn.1이재호Vn.2김도아F.J.Haydn(1732-1809)StringQuartetinE-flatMajor,Hob.III:38‘TheJoke’Ⅰ.AllegromoderatoⅡ.ScherzandoAllegro-TrioⅢ.LargosostenutoⅣ.FinalePrestoVn.1김도아Vn.2김광훈Va.임요섭Vc.이진형G.Bacewicz(1909-1969)QuartetforFourViolinsⅠ.AllegrettoⅡ.AndantetranquilloⅢ.MoltoallegroVn.1김광훈Vn.2김도아Vn.3양효진Vn.4이민경INTERMISSIONF.Schubert(1797-1828)PianoTrioNo.2inE-flatMajor,D.929Ⅱ.AndanteconmotoVn.양효진Vc.이진형Pf.최은영A.S.Arensky(1861-1906)PianoQuintetinDMajor,Op.51Ⅰ.AllegromoderatoⅡ.VariationsAndanteⅢ.ScherzoAllegrovivaceⅣ.Finale(inmodoantico)AllegromoderatoVn.1이민경Vn.2양효진Va.임요섭Vc.이진형Pf.최은영",,,91.0,"{SEAT_PRICE=30,000 won, PERFORM_IDX=35835, SEAT_RATING=All seats}"
20241218,20241218,35386,클래식,12월 누구나 클래식 〈유니버설발레단 - 호두까기인형〉,세종대극장,120.0,20.0,4세 이상,세종문화티켓,02-399-1000,,,,,91.0,"{SEAT_PRICE=행복동행석, PERFORM_IDX=35386, SEAT_RATING=전석}"
20241218,20241218,35814,클래식,마인츠의 유쾌한 음악가들,세종체임버홀,90.0,15.0,7세 이상,영음예술기획,02-581-5404,"독일마인츠국립음대동문연주단체,‘마인츠의유쾌한음악가들’이두번째무대를준비했습니다.이번에는‘2ndPhrase,allthePeriodes’라는제하(題下)에,모든시대를망라하는작품을선별해보았습니다.바로크의화려함이돋보이는르클레르의이중주,고전시대의걸작,하이든의현악사중주‘농담’,슈베르트의우수와낭만이살아숨쉬는피아노트리오2번,러시아의시정(詩情)이돋보이는아렌스키의피아노오중주,그리고폴란드의여성작곡가바세비츠의화려한네대의바이올린을위한사중주가연주됩니다.깊어가는겨울밤,시대를대표하는걸작실내악의진수를느끼시는시간이되기를바랍니다.",,,,91.0,"{SEAT_PRICE=20,000원, PERFORM_IDX=35814, SEAT_RATING=전석}"
20241218,20241218,35880,무용,2024년 판댄스컴퍼니 정기공연,세종S씨어터,60.0,,8세 이상,판댄스컴퍼니,02-2611-9671,"『꿈틀』은 코로나, 라는 전 세계적 재난과 공황장애나 정신적 압박감 등으로 고통받는 현대인들에게서 모티브를 얻었다. 그 혼돈의 뿌리에는 현대인들의 이기심, 개인주의, 탐욕, 욕망이 자연을 위배하며 그들의 삶을 스스로 해치고 있기 때문이다. 이에 대해 나는 자유, 저항, 다양성, 존중심으로 맞서면서, 발 빠르게 변화하는 21세기 인류가 상실해가고 있는 진정한 인간다움이 무엇인지 질문을 던져볼 것이다.","#1희기쁘고좋아할喜.꿈(희망)바라보기!태초에꿈틀이있었지.동심(童心)으로뛰고뒹굴고손잡고기쁜숨쉬었지#2노화내고분노할怒.절망부딪히기!세상속에서꿈틀거렸지.답답한껍데기들과싸우느라숨막혔지#3애슬프고불쌍할哀.아픔마주보기!자기그림자에갇혀비틀거렸지.텅빈우울의늪에서벗어나려고숨몰아쉬었지#4락즐기고어울릴樂.꿈틀어울리기!되돌아보니디딘땅단단하고마음의날개가벼웁다.함께꿈꾸는숨결,꽃이될거야","판댄스컴퍼니소개판댄스컴퍼니는우리말의“한판을벌인다”는의미와다함께한국춤을통해춤판을벌이는뜻을담고있는단체이다.본단체는우리의고유한문화자산인한국춤의퍼포먼스와교육에초점을두고지속적인연구를진행하고있으며,소통과협력이중요시되는융복합시대에필요한춤네트워크를구축하고자한다.또한한국춤을올바르게보존하기위한콘텐츠개발을통해우리춤의가치를높이고이를기반으로다양한움직임어법을재창조하여관객들과호흡하고자한다.출연김도은홍수정이길현정도이김은주제지나이유림김시은이슬증몽요진상의의곽의최홍두천륜단한후",,91.0,"{SEAT_PRICE=50,000원, PERFORM_IDX=35880, SEAT_RATING=R석}, {SEAT_PRICE=30,000원, PERFORM_IDX=35880, SEAT_RATING=S석}"
20241218,20241218,35751,클래식,Nutcracker for Everyone in December Universal Ballet 〈Nutcracker〉,세종대극장,120.0,20.0,7,Sejong Center Ticket,02-399-1000,,ThebesteverpresentinChristmas!ThetimelessclassicballetmasterpiecebyimmortalchoreographerMariusPetipa!SteadysellerwhichadornsChristmasaroundtheworldeverywinter!bringsyouaspecialyear-end!,,,,
20241217,20241217,35808,클래식,메조 소프라노 정현아 & 테너 이인학 두오 리사이틀,세종체임버홀,90.0,15.0,7세 이상,지클레프,02-515-5123,,"H.Wolf(1860-1903)SpanischesLiederbuch;WelticheLiederHugoWolfSpanischesLiederbuch-WeltlicheLieder스페인가곡집세속가곡1.Aufdemgr?nenBalkon초록색발코니에서2.Bitt‘ihn,oMutter,bittedenKnaben오어머니그에게말씀해주세요3.Allegingen,Herz,zurRuh마음아,모두잠자리에들었구나4.LiebemirimBusen나의가슴에사랑이5.SchmerzlicheWonnenundwonnigeSchmerzen괴로운기쁨과행복한고통6.WennduzudenBlumengehst그대꽃밭에가면7.IndemSchattenmeinerLocken나의머릿결아래에서8.WerseinholdesLieb‘verloren사랑하는이를잃은자는9.Eide,sodieLiebeschwur사랑의서약은10.SeltsamistJuanasWeise후아나의방식은이상해요11.DanurLeidundLeidenschaft고통과열정만이12.M?genalleb?senZungen모든못된혀들은말하라13.WertatdeinemF?ßleinweh?누가그대의발을다치게했나요?14.Weheder,diemirverstrickte그를얽어맨그녀에게화가있으리라15.TreibenurmitLiebenSpott그대사랑으로조롱하기만하세요16.TraunichtderLiebe사랑을믿지마세요17.Herz,verzagenichtgeschwind마음이여쉽게실망하지말아라18.Sagt,seidIhres,feinerHerr멋진분,그대였군요19.BlindesSchauen,dunkleLeuchte눈은멀고어두운빛이20.K?pfchen,K?pfchen,nichtgewimmert사랑스러운머리여신음하지말아요21.DeineMutter,s?ßesKind사랑하는이여,그대의어머니는22.SieblasenzumAbmarsch행군나팔이울리네요23.Weintnicht,ihr?uglein그대의눈이여울지마세요24.Ach,imMaienwar’s아5월이었죠25.TiefimHerzentrag‘ichPein나의마음속깊이고통이있네26.BedecktmichmitBlumen꽃으로나를덮어주오27.Dereinst,dereinst,Gedankemein언젠가내마음이28.Ichfuhr?berMeer나바다를건너29.Klinge,klingemeinPandero울려라,울려라나의탬버린!30.Sagtihm,daßerzumirkomme내게오라고그에게말해주세요31.ObauchfinstereBlickeglitten어두운시선이나를향해도32.Undschl?fstdu,meinM?dchen나의연인이여그대자고있나요33.Komm,oTod,vonNachtumgeben밤으로둘러싸인죽음이여오라34.Geh,Geliebter,gehjetzt!가요,사랑하는이여,이제가세요","MezzoSoprano정현아&gt;선화예고,이화여대음악대학졸업&gt;독일만하임국립음대대학원및최고연주자과정졸업(Lied.Oratorio)&gt;독일프랑크푸르트국립음대대학원졸업(바로크음악)&gt;독일SDR,WDR방송녹음및바덴바덴,하이델르크,마그데부르크,프랑크푸르트오케스트라협연&gt;이화여대,성신여대,총신대,동국대,선화예중고,계원예중고강사,성결대겸임교수역임&gt;현재:성결대,서울시립대출강,독일가곡연구회,우리가곡연구회회원Tenor이인학&gt;한양대학교음악대학성악과졸업&gt;독일뮌헨국립음대최고연주자과정(MeisterklassenDiplom)졸업&gt;중앙,해외파견음협,뮌헨국제리릭테너콩쿠르우승및입상&gt;2018대한민국오페라대상주역상&gt;1995년독일뮌헨바이어른주립오페라단을시작으로레겐스부르크,아우구스부르크오페라극장전속솔리스트로9년간활동&gt;오페라,오라토리오,가곡을아우르는넓은레퍼토리로활동하였으며국내에서11회의독창회&gt;서울창의인성교육센터대표역임&gt;현재:서울시립대학교음악학과교수로재직중Piano김하얀＞예원학교,서울예술고등학교졸업＞이화여자대학교및동대학원졸업＞빈국립대학교Klavier-VokalbegleitungMagister최단기,최고점으로졸업＞전한국콘서바토리(구서울종합예술원)성악코치,UNChoir,UraniaChoir전임반주자,WienAkkord합창단수석반주자Wien,Austria,협성대,강남대,인천예고출강,성신여대,경희대,서울대클래스피아니스트＞현구리시심포니피아니스트,한국반주협회정회원,바로크와현대가곡연구회기악회원,독일가곡연구회기악회원,한예종반주강사,서울예고,순천향대학교출강＞음반-SongsfromMother,성악가를위한가곡반주,한국인을위한독일가곡등",,91.0,"{SEAT_PRICE=30,000원, PERFORM_IDX=35808, SEAT_RATING=전석}"
20241217,20241217,35822,클래식,조현진(Flute)&조현수(Piano) 듀오콘서트,꿈의숲 콘서트홀,90.0,15.0,7세 이상,(사)부암뮤직소사이어티,02-3216-3968,,"FrenchCollectionProgramSonataop.2,no.4“LaLumagne”MichelBlavet(1700-1768)AdagioAllemande;AllegromoderatoSiciliennePrestoAllegrovivaceSonataforFluteandPianoFrancisPoulenc(1899-1963)1:Allegromalincolico2:Cantilena3:PrestogiocosoIntermissonBerceusePhilippeGaubert(1879-1941)MadrigalBilitisClaudeDebussy(1862-1918)1:PourinvoquerPan,dieuduventd'ete여름바람의신,판에기도하기위하여2:Pouruntombeausansnom무명의묘를위하여3:Pourquelanuitsoitpropice행복한밤을위하여4:Pourladanseueseauxcrotales크로탈에맞추어춤추는무희를위하여5:Pourl‘Egyptienne이집트의연인을위하여6:Purremercierlapluieaumatin아침비에감사하기위하여","조현진/Flute*국민대학교관현악과졸업*미국MannesCollegeofMusicTheNewSchool석사*미국UniversityofMinnesota박사*미국FluteSocietyofWashington,YoungArtistCompetition3위*현재경남대학교강의전담교수조현수/Piano*서울예고,서울대음대졸업*미국TempleUniversity석사*미국UniversityofMinnesota박사*미국SchubertClubMetropolitanArtist오디션우승*KBS한국의연주가시리즈음반제작*현재명지대학교예술학부피아노전공교수",,91.0,"{SEAT_PRICE=20,000원, PERFORM_IDX=35822, SEAT_RATING=전석}"
20241217,20241217,35834,클래식,Duo Recital,세종체임버홀,90.0,15.0,7,G Clef,02-515-5123,,"H.Wolf(1860-1903)SpanischesLiederbuch;WelticheLiederHugoWolfSpanischesLiederbuch-WeltlicheLieder스페인가곡집세속가곡1.Aufdemgr?nenBalkon초록색발코니에서2.Bitt‘ihn,oMutter,bittedenKnaben오어머니그에게말씀해주세요3.Allegingen,Herz,zurRuh마음아,모두잠자리에들었구나4.LiebemirimBusen나의가슴에사랑이5.SchmerzlicheWonnenundwonnigeSchmerzen괴로운기쁨과행복한고통6.WennduzudenBlumengehst그대꽃밭에가면7.IndemSchattenmeinerLocken나의머릿결아래에서8.WerseinholdesLieb‘verloren사랑하는이를잃은자는9.Eide,sodieLiebeschwur사랑의서약은10.SeltsamistJuanasWeise후아나의방식은이상해요11.DanurLeidundLeidenschaft고통과열정만이12.M?genalleb?senZungen모든못된혀들은말하라13.WertatdeinemF?ßleinweh?누가그대의발을다치게했나요?14.Weheder,diemirverstrickte그를얽어맨그녀에게화가있으리라15.TreibenurmitLiebenSpott그대사랑으로조롱하기만하세요16.TraunichtderLiebe사랑을믿지마세요17.Herz,verzagenichtgeschwind마음이여쉽게실망하지말아라18.Sagt,seidIhres,feinerHerr멋진분,그대였군요19.BlindesSchauen,dunkleLeuchte눈은멀고어두운빛이20.K?pfchen,K?pfchen,nichtgewimmert사랑스러운머리여신음하지말아요21.DeineMutter,s?ßesKind사랑하는이여,그대의어머니는22.SieblasenzumAbmarsch행군나팔이울리네요23.Weintnicht,ihr?uglein그대의눈이여울지마세요24.Ach,imMaienwar’s아5월이었죠25.TiefimHerzentrag‘ichPein나의마음속깊이고통이있네26.BedecktmichmitBlumen꽃으로나를덮어주오27.Dereinst,dereinst,Gedankemein언젠가내마음이28.Ichfuhr?berMeer나바다를건너29.Klinge,klingemeinPandero울려라,울려라나의탬버린!30.Sagtihm,daßerzumirkomme내게오라고그에게말해주세요31.ObauchfinstereBlickeglitten어두운시선이나를향해도32.Undschl?fstdu,meinM?dchen나의연인이여그대자고있나요33.Komm,oTod,vonNachtumgeben밤으로둘러싸인죽음이여오라34.Geh,Geliebter,gehjetzt!가요,사랑하는이여,이제가세요",,,91.0,"{SEAT_PRICE=30,000 won, PERFORM_IDX=35834, SEAT_RATING=All seats}"
20241216,20241216,35770,클래식,&#34;추억&#34; 최 재원 피아노 독주회,세종체임버홀,95.0,15.0,6세 이상,세종문화회관,02-399-1000,,,,,91.0,"{SEAT_PRICE=30,000원, PERFORM_IDX=35770, SEAT_RATING=전석}"
20241215,20241215,35796,클래식,오아미 첼로 독주회,꿈의숲 콘서트홀,90.0,15.0,7세 이상,예인예술기획,02-586-0945,,"#PROGRAMJ.S.BachCelloSuiteNo.1inGMajor,BWV1007J.S.BachCelloSuiteNo.2indminor,BWV1008J.S.BachCelloSuiteNo.3inCMajor,BWV1009","#Cellist오아미화려한기교와생동감넘치는음색을가진첼리스트오아미는프랑스파리GennevilliersNationaleConservatoire최고연주자과정을만장일치수석으로졸업및동대학에서Perfectionnement솔리스트과정을수석졸업하였다.이후이화여자대학교음악대학에서석사학위를취득한후단국대학교음악학박사학위를취득하였다.국내?외유수콩쿠르에서입상하여두각을나타낸그녀는뉴욕주립대StonyBrookOrchestra,헝가리부다페스트Gypsy오케스트라활동을통해국제적인견문을넓혔으며이에그치지않고ParisArnoChamber에서VivaldiQuatreSaisons연주,코스타리카국제음악페스티벌연주,남미4개국(브라질,멕시코,페루,아르헨티나)투어연주,오스트리아WienerKonzerthaus신년음악회초청연주,헝가리신년음악회초청연주(아시아인최초)등세계무대에서도당당히그녀의이름을알렸다.또한한국문화체육관광부아티스트로선정된그녀는아르헨티나,비엔나,헝가리,멕시코등문화부장관주최대통령참석초청연주등다수의국가연주,하와이전세계50개국생방송실황연주,SriLanka대통령초청연주회뿐만아니라전쟁고아를위한콘서트'SharetheLove'기획및연주,서울시주최자선콘서트등다양한레파토리의연주를선보였으며KBS찾아가는음악회,MBC문화예술,인도및다수나라MTV등국내?외방송에도출연하여대중들의시선을사로잡았다.그녀는현재단국대학교문화예술대학원교수로재직하며후학양성과연주활동에힘쓰고있다.",,91.0,"{SEAT_PRICE=20,000원, PERFORM_IDX=35796, SEAT_RATING=전석}"
